Year,Area,Main type of activity,Level of education,Population 31 Dec
1987,MK01 Uusimaa,Total,Total,1199530
1987,MK01 Uusimaa,Total,7-8 Master's or equivalent level or doctoral or equivalent level,65757
1987,MK01 Uusimaa,Employed,Total,653347
1987,MK01 Uusimaa,Employed,7-8 Master's or equivalent level or doctoral or equivalent level,55702
1987,MK01 Uusimaa,Unemployed,Total,13998
1987,MK01 Uusimaa,Unemployed,7-8 Master's or equivalent level or doctoral or equivalent level,553
1987,MK02 Southwest Finland,Total,Total,419059
1987,MK02 Southwest Finland,Total,7-8 Master's or equivalent level or doctoral or equivalent level,11899
1987,MK02 Southwest Finland,Employed,Total,201817
1987,MK02 Southwest Finland,Employed,7-8 Master's or equivalent level or doctoral or equivalent level,9962
1987,MK02 Southwest Finland,Unemployed,Total,9695
1987,MK02 Southwest Finland,Unemployed,7-8 Master's or equivalent level or doctoral or equivalent level,164
1987,MK05 Kanta-Häme,Total,Total,158739
1987,MK05 Kanta-Häme,Total,7-8 Master's or equivalent level or doctoral or equivalent level,3384
1987,MK05 Kanta-Häme,Employed,Total,74563
1987,MK05 Kanta-Häme,Employed,7-8 Master's or equivalent level or doctoral or equivalent level,2802
1987,MK05 Kanta-Häme,Unemployed,Total,3651
1987,MK05 Kanta-Häme,Unemployed,7-8 Master's or equivalent level or doctoral or equivalent level,29
1987,MK07 Päijät-Häme,Total,Total,202777
1987,MK07 Päijät-Häme,Total,7-8 Master's or equivalent level or doctoral or equivalent level,3480
1987,MK07 Päijät-Häme,Employed,Total,94898
1987,MK07 Päijät-Häme,Employed,7-8 Master's or equivalent level or doctoral or equivalent level,2897
1987,MK07 Päijät-Häme,Unemployed,Total,6339
1987,MK07 Päijät-Häme,Unemployed,7-8 Master's or equivalent level or doctoral or equivalent level,41
1987,MK08 Kymenlaakso,Total,Total,187544
1987,MK08 Kymenlaakso,Total,7-8 Master's or equivalent level or doctoral or equivalent level,3331
1987,MK08 Kymenlaakso,Employed,Total,84206
1987,MK08 Kymenlaakso,Employed,7-8 Master's or equivalent level or doctoral or equivalent level,2849
1987,MK08 Kymenlaakso,Unemployed,Total,6750
1987,MK08 Kymenlaakso,Unemployed,7-8 Master's or equivalent level or doctoral or equivalent level,28
1987,MK09 South Karelia,Total,Total,141044
1987,MK09 South Karelia,Total,7-8 Master's or equivalent level or doctoral or equivalent level,2423
1987,MK09 South Karelia,Employed,Total,63170
1987,MK09 South Karelia,Employed,7-8 Master's or equivalent level or doctoral or equivalent level,2092
1987,MK09 South Karelia,Unemployed,Total,5465
1987,MK09 South Karelia,Unemployed,7-8 Master's or equivalent level or doctoral or equivalent level,21
1987,MK04 Satakunta,Total,Total,242794
1987,MK04 Satakunta,Total,7-8 Master's or equivalent level or doctoral or equivalent level,3989
1987,MK04 Satakunta,Employed,Total,108127
1987,MK04 Satakunta,Employed,7-8 Master's or equivalent level or doctoral or equivalent level,3468
1987,MK04 Satakunta,Unemployed,Total,10203
1987,MK04 Satakunta,Unemployed,7-8 Master's or equivalent level or doctoral or equivalent level,36
1987,MK06 Pirkanmaa,Total,Total,425231
1987,MK06 Pirkanmaa,Total,7-8 Master's or equivalent level or doctoral or equivalent level,10423
1987,MK06 Pirkanmaa,Employed,Total,194447
1987,MK06 Pirkanmaa,Employed,7-8 Master's or equivalent level or doctoral or equivalent level,8813
1987,MK06 Pirkanmaa,Unemployed,Total,15810
1987,MK06 Pirkanmaa,Unemployed,7-8 Master's or equivalent level or doctoral or equivalent level,193
1987,MK13 Central Finland,Total,Total,250239
1987,MK13 Central Finland,Total,7-8 Master's or equivalent level or doctoral or equivalent level,5735
1987,MK13 Central Finland,Employed,Total,109941
1987,MK13 Central Finland,Employed,7-8 Master's or equivalent level or doctoral or equivalent level,4960
1987,MK13 Central Finland,Unemployed,Total,8807
1987,MK13 Central Finland,Unemployed,7-8 Master's or equivalent level or doctoral or equivalent level,82
1987,MK14 South Ostrobothnia,Total,Total,206148
1987,MK14 South Ostrobothnia,Total,7-8 Master's or equivalent level or doctoral or equivalent level,2385
1987,MK14 South Ostrobothnia,Employed,Total,89406
1987,MK14 South Ostrobothnia,Employed,7-8 Master's or equivalent level or doctoral or equivalent level,2126
1987,MK14 South Ostrobothnia,Unemployed,Total,5722
1987,MK14 South Ostrobothnia,Unemployed,7-8 Master's or equivalent level or doctoral or equivalent level,18
1987,MK15 Ostrobothnia,Total,Total,166999
1987,MK15 Ostrobothnia,Total,7-8 Master's or equivalent level or doctoral or equivalent level,3244
1987,MK15 Ostrobothnia,Employed,Total,77900
1987,MK15 Ostrobothnia,Employed,7-8 Master's or equivalent level or doctoral or equivalent level,2809
1987,MK15 Ostrobothnia,Unemployed,Total,3433
1987,MK15 Ostrobothnia,Unemployed,7-8 Master's or equivalent level or doctoral or equivalent level,15
1987,MK10 South Savo,Total,Total,163535
1987,MK10 South Savo,Total,7-8 Master's or equivalent level or doctoral or equivalent level,2602
1987,MK10 South Savo,Employed,Total,71180
1987,MK10 South Savo,Employed,7-8 Master's or equivalent level or doctoral or equivalent level,2216
1987,MK10 South Savo,Unemployed,Total,6777
1987,MK10 South Savo,Unemployed,7-8 Master's or equivalent level or doctoral or equivalent level,22
1987,MK11 North Savo,Total,Total,263858
1987,MK11 North Savo,Total,7-8 Master's or equivalent level or doctoral or equivalent level,4912
1987,MK11 North Savo,Employed,Total,113002
1987,MK11 North Savo,Employed,7-8 Master's or equivalent level or doctoral or equivalent level,4279
1987,MK11 North Savo,Unemployed,Total,10396
1987,MK11 North Savo,Unemployed,7-8 Master's or equivalent level or doctoral or equivalent level,41
1987,MK12 North Karelia,Total,Total,182197
1987,MK12 North Karelia,Total,7-8 Master's or equivalent level or doctoral or equivalent level,2959
1987,MK12 North Karelia,Employed,Total,75588
1987,MK12 North Karelia,Employed,7-8 Master's or equivalent level or doctoral or equivalent level,2604
1987,MK12 North Karelia,Unemployed,Total,8435
1987,MK12 North Karelia,Unemployed,7-8 Master's or equivalent level or doctoral or equivalent level,25
1987,MK16 Central Ostrobothnia,Total,Total,67922
1987,MK16 Central Ostrobothnia,Total,7-8 Master's or equivalent level or doctoral or equivalent level,872
1987,MK16 Central Ostrobothnia,Employed,Total,29618
1987,MK16 Central Ostrobothnia,Employed,7-8 Master's or equivalent level or doctoral or equivalent level,774
1987,MK16 Central Ostrobothnia,Unemployed,Total,1786
1987,MK16 Central Ostrobothnia,Unemployed,7-8 Master's or equivalent level or doctoral or equivalent level,4
1987,MK17 North Ostrobothnia,Total,Total,343600
1987,MK17 North Ostrobothnia,Total,7-8 Master's or equivalent level or doctoral or equivalent level,7049
1987,MK17 North Ostrobothnia,Employed,Total,144525
1987,MK17 North Ostrobothnia,Employed,7-8 Master's or equivalent level or doctoral or equivalent level,6245
1987,MK17 North Ostrobothnia,Unemployed,Total,13240
1987,MK17 North Ostrobothnia,Unemployed,7-8 Master's or equivalent level or doctoral or equivalent level,83
1987,MK18 Kainuu,Total,Total,93451
1987,MK18 Kainuu,Total,7-8 Master's or equivalent level or doctoral or equivalent level,1390
1987,MK18 Kainuu,Employed,Total,37228
1987,MK18 Kainuu,Employed,7-8 Master's or equivalent level or doctoral or equivalent level,1249
1987,MK18 Kainuu,Unemployed,Total,5934
1987,MK18 Kainuu,Unemployed,7-8 Master's or equivalent level or doctoral or equivalent level,14
1987,MK19 Lapland,Total,Total,200174
1987,MK19 Lapland,Total,7-8 Master's or equivalent level or doctoral or equivalent level,3241
1987,MK19 Lapland,Employed,Total,84690
1987,MK19 Lapland,Employed,7-8 Master's or equivalent level or doctoral or equivalent level,2901
1987,MK19 Lapland,Unemployed,Total,12093
1987,MK19 Lapland,Unemployed,7-8 Master's or equivalent level or doctoral or equivalent level,44
1987,MK21 Åland,Total,Total,23761
1987,MK21 Åland,Total,7-8 Master's or equivalent level or doctoral or equivalent level,397
1987,MK21 Åland,Employed,Total,11874
1987,MK21 Åland,Employed,7-8 Master's or equivalent level or doctoral or equivalent level,322
1987,MK21 Åland,Unemployed,Total,159
1987,MK21 Åland,Unemployed,7-8 Master's or equivalent level or doctoral or equivalent level,0
1988,MK01 Uusimaa,Total,Total,1210941
1988,MK01 Uusimaa,Total,7-8 Master's or equivalent level or doctoral or equivalent level,69408
1988,MK01 Uusimaa,Employed,Total,661540
1988,MK01 Uusimaa,Employed,7-8 Master's or equivalent level or doctoral or equivalent level,58379
1988,MK01 Uusimaa,Unemployed,Total,11885
1988,MK01 Uusimaa,Unemployed,7-8 Master's or equivalent level or doctoral or equivalent level,522
1988,MK02 Southwest Finland,Total,Total,421591
1988,MK02 Southwest Finland,Total,7-8 Master's or equivalent level or doctoral or equivalent level,12514
1988,MK02 Southwest Finland,Employed,Total,204273
1988,MK02 Southwest Finland,Employed,7-8 Master's or equivalent level or doctoral or equivalent level,10296
1988,MK02 Southwest Finland,Unemployed,Total,8368
1988,MK02 Southwest Finland,Unemployed,7-8 Master's or equivalent level or doctoral or equivalent level,171
1988,MK05 Kanta-Häme,Total,Total,159709
1988,MK05 Kanta-Häme,Total,7-8 Master's or equivalent level or doctoral or equivalent level,3547
1988,MK05 Kanta-Häme,Employed,Total,75942
1988,MK05 Kanta-Häme,Employed,7-8 Master's or equivalent level or doctoral or equivalent level,2937
1988,MK05 Kanta-Häme,Unemployed,Total,3328
1988,MK05 Kanta-Häme,Unemployed,7-8 Master's or equivalent level or doctoral or equivalent level,23
1988,MK07 Päijät-Häme,Total,Total,203219
1988,MK07 Päijät-Häme,Total,7-8 Master's or equivalent level or doctoral or equivalent level,3754
1988,MK07 Päijät-Häme,Employed,Total,97024
1988,MK07 Päijät-Häme,Employed,7-8 Master's or equivalent level or doctoral or equivalent level,3145
1988,MK07 Päijät-Häme,Unemployed,Total,4813
1988,MK07 Päijät-Häme,Unemployed,7-8 Master's or equivalent level or doctoral or equivalent level,36
1988,MK08 Kymenlaakso,Total,Total,186726
1988,MK08 Kymenlaakso,Total,7-8 Master's or equivalent level or doctoral or equivalent level,3439
1988,MK08 Kymenlaakso,Employed,Total,85182
1988,MK08 Kymenlaakso,Employed,7-8 Master's or equivalent level or doctoral or equivalent level,2948
1988,MK08 Kymenlaakso,Unemployed,Total,6139
1988,MK08 Kymenlaakso,Unemployed,7-8 Master's or equivalent level or doctoral or equivalent level,21
1988,MK09 South Karelia,Total,Total,140448
1988,MK09 South Karelia,Total,7-8 Master's or equivalent level or doctoral or equivalent level,2523
1988,MK09 South Karelia,Employed,Total,63984
1988,MK09 South Karelia,Employed,7-8 Master's or equivalent level or doctoral or equivalent level,2184
1988,MK09 South Karelia,Unemployed,Total,4532
1988,MK09 South Karelia,Unemployed,7-8 Master's or equivalent level or doctoral or equivalent level,20
1988,MK04 Satakunta,Total,Total,241805
1988,MK04 Satakunta,Total,7-8 Master's or equivalent level or doctoral or equivalent level,4092
1988,MK04 Satakunta,Employed,Total,108630
1988,MK04 Satakunta,Employed,7-8 Master's or equivalent level or doctoral or equivalent level,3558
1988,MK04 Satakunta,Unemployed,Total,8871
1988,MK04 Satakunta,Unemployed,7-8 Master's or equivalent level or doctoral or equivalent level,39
1988,MK06 Pirkanmaa,Total,Total,426960
1988,MK06 Pirkanmaa,Total,7-8 Master's or equivalent level or doctoral or equivalent level,11145
1988,MK06 Pirkanmaa,Employed,Total,197799
1988,MK06 Pirkanmaa,Employed,7-8 Master's or equivalent level or doctoral or equivalent level,9501
1988,MK06 Pirkanmaa,Unemployed,Total,13978
1988,MK06 Pirkanmaa,Unemployed,7-8 Master's or equivalent level or doctoral or equivalent level,180
1988,MK13 Central Finland,Total,Total,251252
1988,MK13 Central Finland,Total,7-8 Master's or equivalent level or doctoral or equivalent level,6106
1988,MK13 Central Finland,Employed,Total,112503
1988,MK13 Central Finland,Employed,7-8 Master's or equivalent level or doctoral or equivalent level,5246
1988,MK13 Central Finland,Unemployed,Total,7690
1988,MK13 Central Finland,Unemployed,7-8 Master's or equivalent level or doctoral or equivalent level,82
1988,MK14 South Ostrobothnia,Total,Total,206237
1988,MK14 South Ostrobothnia,Total,7-8 Master's or equivalent level or doctoral or equivalent level,2528
1988,MK14 South Ostrobothnia,Employed,Total,89954
1988,MK14 South Ostrobothnia,Employed,7-8 Master's or equivalent level or doctoral or equivalent level,2252
1988,MK14 South Ostrobothnia,Unemployed,Total,5474
1988,MK14 South Ostrobothnia,Unemployed,7-8 Master's or equivalent level or doctoral or equivalent level,23
1988,MK15 Ostrobothnia,Total,Total,166639
1988,MK15 Ostrobothnia,Total,7-8 Master's or equivalent level or doctoral or equivalent level,3393
1988,MK15 Ostrobothnia,Employed,Total,77557
1988,MK15 Ostrobothnia,Employed,7-8 Master's or equivalent level or doctoral or equivalent level,2917
1988,MK15 Ostrobothnia,Unemployed,Total,3326
1988,MK15 Ostrobothnia,Unemployed,7-8 Master's or equivalent level or doctoral or equivalent level,25
1988,MK10 South Savo,Total,Total,163173
1988,MK10 South Savo,Total,7-8 Master's or equivalent level or doctoral or equivalent level,2741
1988,MK10 South Savo,Employed,Total,72094
1988,MK10 South Savo,Employed,7-8 Master's or equivalent level or doctoral or equivalent level,2311
1988,MK10 South Savo,Unemployed,Total,5814
1988,MK10 South Savo,Unemployed,7-8 Master's or equivalent level or doctoral or equivalent level,20
1988,MK11 North Savo,Total,Total,264094
1988,MK11 North Savo,Total,7-8 Master's or equivalent level or doctoral or equivalent level,5235
1988,MK11 North Savo,Employed,Total,114842
1988,MK11 North Savo,Employed,7-8 Master's or equivalent level or doctoral or equivalent level,4467
1988,MK11 North Savo,Unemployed,Total,9259
1988,MK11 North Savo,Unemployed,7-8 Master's or equivalent level or doctoral or equivalent level,35
1988,MK12 North Karelia,Total,Total,181648
1988,MK12 North Karelia,Total,7-8 Master's or equivalent level or doctoral or equivalent level,3159
1988,MK12 North Karelia,Employed,Total,76199
1988,MK12 North Karelia,Employed,7-8 Master's or equivalent level or doctoral or equivalent level,2656
1988,MK12 North Karelia,Unemployed,Total,7468
1988,MK12 North Karelia,Unemployed,7-8 Master's or equivalent level or doctoral or equivalent level,39
1988,MK16 Central Ostrobothnia,Total,Total,67849
1988,MK16 Central Ostrobothnia,Total,7-8 Master's or equivalent level or doctoral or equivalent level,913
1988,MK16 Central Ostrobothnia,Employed,Total,29730
1988,MK16 Central Ostrobothnia,Employed,7-8 Master's or equivalent level or doctoral or equivalent level,809
1988,MK16 Central Ostrobothnia,Unemployed,Total,1806
1988,MK16 Central Ostrobothnia,Unemployed,7-8 Master's or equivalent level or doctoral or equivalent level,8
1988,MK17 North Ostrobothnia,Total,Total,345407
1988,MK17 North Ostrobothnia,Total,7-8 Master's or equivalent level or doctoral or equivalent level,7508
1988,MK17 North Ostrobothnia,Employed,Total,148251
1988,MK17 North Ostrobothnia,Employed,7-8 Master's or equivalent level or doctoral or equivalent level,6525
1988,MK17 North Ostrobothnia,Unemployed,Total,11597
1988,MK17 North Ostrobothnia,Unemployed,7-8 Master's or equivalent level or doctoral or equivalent level,103
1988,MK18 Kainuu,Total,Total,92775
1988,MK18 Kainuu,Total,7-8 Master's or equivalent level or doctoral or equivalent level,1462
1988,MK18 Kainuu,Employed,Total,38255
1988,MK18 Kainuu,Employed,7-8 Master's or equivalent level or doctoral or equivalent level,1292
1988,MK18 Kainuu,Unemployed,Total,4807
1988,MK18 Kainuu,Unemployed,7-8 Master's or equivalent level or doctoral or equivalent level,17
1988,MK19 Lapland,Total,Total,199841
1988,MK19 Lapland,Total,7-8 Master's or equivalent level or doctoral or equivalent level,3456
1988,MK19 Lapland,Employed,Total,87259
1988,MK19 Lapland,Employed,7-8 Master's or equivalent level or doctoral or equivalent level,3097
1988,MK19 Lapland,Unemployed,Total,10237
1988,MK19 Lapland,Unemployed,7-8 Master's or equivalent level or doctoral or equivalent level,45
1988,MK21 Åland,Total,Total,24045
1988,MK21 Åland,Total,7-8 Master's or equivalent level or doctoral or equivalent level,434
1988,MK21 Åland,Employed,Total,12177
1988,MK21 Åland,Employed,7-8 Master's or equivalent level or doctoral or equivalent level,354
1988,MK21 Åland,Unemployed,Total,159
1988,MK21 Åland,Unemployed,7-8 Master's or equivalent level or doctoral or equivalent level,1
1989,MK01 Uusimaa,Total,Total,1219864
1989,MK01 Uusimaa,Total,7-8 Master's or equivalent level or doctoral or equivalent level,72327
1989,MK01 Uusimaa,Employed,Total,668312
1989,MK01 Uusimaa,Employed,7-8 Master's or equivalent level or doctoral or equivalent level,60732
1989,MK01 Uusimaa,Unemployed,Total,9612
1989,MK01 Uusimaa,Unemployed,7-8 Master's or equivalent level or doctoral or equivalent level,543
1989,MK02 Southwest Finland,Total,Total,423659
1989,MK02 Southwest Finland,Total,7-8 Master's or equivalent level or doctoral or equivalent level,13094
1989,MK02 Southwest Finland,Employed,Total,205216
1989,MK02 Southwest Finland,Employed,7-8 Master's or equivalent level or doctoral or equivalent level,10896
1989,MK02 Southwest Finland,Unemployed,Total,8054
1989,MK02 Southwest Finland,Unemployed,7-8 Master's or equivalent level or doctoral or equivalent level,171
1989,MK05 Kanta-Häme,Total,Total,161181
1989,MK05 Kanta-Häme,Total,7-8 Master's or equivalent level or doctoral or equivalent level,3738
1989,MK05 Kanta-Häme,Employed,Total,77403
1989,MK05 Kanta-Häme,Employed,7-8 Master's or equivalent level or doctoral or equivalent level,3102
1989,MK05 Kanta-Häme,Unemployed,Total,2315
1989,MK05 Kanta-Häme,Unemployed,7-8 Master's or equivalent level or doctoral or equivalent level,30
1989,MK07 Päijät-Häme,Total,Total,204146
1989,MK07 Päijät-Häme,Total,7-8 Master's or equivalent level or doctoral or equivalent level,3909
1989,MK07 Päijät-Häme,Employed,Total,98408
1989,MK07 Päijät-Häme,Employed,7-8 Master's or equivalent level or doctoral or equivalent level,3283
1989,MK07 Päijät-Häme,Unemployed,Total,3801
1989,MK07 Päijät-Häme,Unemployed,7-8 Master's or equivalent level or doctoral or equivalent level,33
1989,MK08 Kymenlaakso,Total,Total,186368
1989,MK08 Kymenlaakso,Total,7-8 Master's or equivalent level or doctoral or equivalent level,3595
1989,MK08 Kymenlaakso,Employed,Total,85715
1989,MK08 Kymenlaakso,Employed,7-8 Master's or equivalent level or doctoral or equivalent level,3080
1989,MK08 Kymenlaakso,Unemployed,Total,5002
1989,MK08 Kymenlaakso,Unemployed,7-8 Master's or equivalent level or doctoral or equivalent level,21
1989,MK09 South Karelia,Total,Total,140237
1989,MK09 South Karelia,Total,7-8 Master's or equivalent level or doctoral or equivalent level,2618
1989,MK09 South Karelia,Employed,Total,64385
1989,MK09 South Karelia,Employed,7-8 Master's or equivalent level or doctoral or equivalent level,2271
1989,MK09 South Karelia,Unemployed,Total,3849
1989,MK09 South Karelia,Unemployed,7-8 Master's or equivalent level or doctoral or equivalent level,23
1989,MK04 Satakunta,Total,Total,240925
1989,MK04 Satakunta,Total,7-8 Master's or equivalent level or doctoral or equivalent level,4244
1989,MK04 Satakunta,Employed,Total,109196
1989,MK04 Satakunta,Employed,7-8 Master's or equivalent level or doctoral or equivalent level,3694
1989,MK04 Satakunta,Unemployed,Total,7164
1989,MK04 Satakunta,Unemployed,7-8 Master's or equivalent level or doctoral or equivalent level,37
1989,MK06 Pirkanmaa,Total,Total,428740
1989,MK06 Pirkanmaa,Total,7-8 Master's or equivalent level or doctoral or equivalent level,11896
1989,MK06 Pirkanmaa,Employed,Total,200343
1989,MK06 Pirkanmaa,Employed,7-8 Master's or equivalent level or doctoral or equivalent level,10052
1989,MK06 Pirkanmaa,Unemployed,Total,10855
1989,MK06 Pirkanmaa,Unemployed,7-8 Master's or equivalent level or doctoral or equivalent level,208
1989,MK13 Central Finland,Total,Total,252917
1989,MK13 Central Finland,Total,7-8 Master's or equivalent level or doctoral or equivalent level,6507
1989,MK13 Central Finland,Employed,Total,113107
1989,MK13 Central Finland,Employed,7-8 Master's or equivalent level or doctoral or equivalent level,5569
1989,MK13 Central Finland,Unemployed,Total,6727
1989,MK13 Central Finland,Unemployed,7-8 Master's or equivalent level or doctoral or equivalent level,77
1989,MK14 South Ostrobothnia,Total,Total,206454
1989,MK14 South Ostrobothnia,Total,7-8 Master's or equivalent level or doctoral or equivalent level,2667
1989,MK14 South Ostrobothnia,Employed,Total,89945
1989,MK14 South Ostrobothnia,Employed,7-8 Master's or equivalent level or doctoral or equivalent level,2353
1989,MK14 South Ostrobothnia,Unemployed,Total,5066
1989,MK14 South Ostrobothnia,Unemployed,7-8 Master's or equivalent level or doctoral or equivalent level,18
1989,MK15 Ostrobothnia,Total,Total,166821
1989,MK15 Ostrobothnia,Total,7-8 Master's or equivalent level or doctoral or equivalent level,3620
1989,MK15 Ostrobothnia,Employed,Total,77118
1989,MK15 Ostrobothnia,Employed,7-8 Master's or equivalent level or doctoral or equivalent level,3147
1989,MK15 Ostrobothnia,Unemployed,Total,3274
1989,MK15 Ostrobothnia,Unemployed,7-8 Master's or equivalent level or doctoral or equivalent level,24
1989,MK10 South Savo,Total,Total,163522
1989,MK10 South Savo,Total,7-8 Master's or equivalent level or doctoral or equivalent level,2890
1989,MK10 South Savo,Employed,Total,72214
1989,MK10 South Savo,Employed,7-8 Master's or equivalent level or doctoral or equivalent level,2441
1989,MK10 South Savo,Unemployed,Total,5240
1989,MK10 South Savo,Unemployed,7-8 Master's or equivalent level or doctoral or equivalent level,35
1989,MK11 North Savo,Total,Total,264650
1989,MK11 North Savo,Total,7-8 Master's or equivalent level or doctoral or equivalent level,5516
1989,MK11 North Savo,Employed,Total,115798
1989,MK11 North Savo,Employed,7-8 Master's or equivalent level or doctoral or equivalent level,4724
1989,MK11 North Savo,Unemployed,Total,7651
1989,MK11 North Savo,Unemployed,7-8 Master's or equivalent level or doctoral or equivalent level,47
1989,MK12 North Karelia,Total,Total,181932
1989,MK12 North Karelia,Total,7-8 Master's or equivalent level or doctoral or equivalent level,3335
1989,MK12 North Karelia,Employed,Total,76535
1989,MK12 North Karelia,Employed,7-8 Master's or equivalent level or doctoral or equivalent level,2891
1989,MK12 North Karelia,Unemployed,Total,6895
1989,MK12 North Karelia,Unemployed,7-8 Master's or equivalent level or doctoral or equivalent level,39
1989,MK16 Central Ostrobothnia,Total,Total,68013
1989,MK16 Central Ostrobothnia,Total,7-8 Master's or equivalent level or doctoral or equivalent level,974
1989,MK16 Central Ostrobothnia,Employed,Total,29639
1989,MK16 Central Ostrobothnia,Employed,7-8 Master's or equivalent level or doctoral or equivalent level,868
1989,MK16 Central Ostrobothnia,Unemployed,Total,1772
1989,MK16 Central Ostrobothnia,Unemployed,7-8 Master's or equivalent level or doctoral or equivalent level,8
1989,MK17 North Ostrobothnia,Total,Total,348292
1989,MK17 North Ostrobothnia,Total,7-8 Master's or equivalent level or doctoral or equivalent level,7970
1989,MK17 North Ostrobothnia,Employed,Total,150931
1989,MK17 North Ostrobothnia,Employed,7-8 Master's or equivalent level or doctoral or equivalent level,7004
1989,MK17 North Ostrobothnia,Unemployed,Total,8980
1989,MK17 North Ostrobothnia,Unemployed,7-8 Master's or equivalent level or doctoral or equivalent level,107
1989,MK18 Kainuu,Total,Total,92458
1989,MK18 Kainuu,Total,7-8 Master's or equivalent level or doctoral or equivalent level,1537
1989,MK18 Kainuu,Employed,Total,38780
1989,MK18 Kainuu,Employed,7-8 Master's or equivalent level or doctoral or equivalent level,1370
1989,MK18 Kainuu,Unemployed,Total,3847
1989,MK18 Kainuu,Unemployed,7-8 Master's or equivalent level or doctoral or equivalent level,14
1989,MK19 Lapland,Total,Total,199973
1989,MK19 Lapland,Total,7-8 Master's or equivalent level or doctoral or equivalent level,3594
1989,MK19 Lapland,Employed,Total,88395
1989,MK19 Lapland,Employed,7-8 Master's or equivalent level or doctoral or equivalent level,3215
1989,MK19 Lapland,Unemployed,Total,8123
1989,MK19 Lapland,Unemployed,7-8 Master's or equivalent level or doctoral or equivalent level,29
1989,MK21 Åland,Total,Total,24231
1989,MK21 Åland,Total,7-8 Master's or equivalent level or doctoral or equivalent level,452
1989,MK21 Åland,Employed,Total,12307
1989,MK21 Åland,Employed,7-8 Master's or equivalent level or doctoral or equivalent level,372
1989,MK21 Åland,Unemployed,Total,104
1989,MK21 Åland,Unemployed,7-8 Master's or equivalent level or doctoral or equivalent level,1
1990,MK01 Uusimaa,Total,Total,1232236
1990,MK01 Uusimaa,Total,7-8 Master's or equivalent level or doctoral or equivalent level,75401
1990,MK01 Uusimaa,Employed,Total,662931
1990,MK01 Uusimaa,Employed,7-8 Master's or equivalent level or doctoral or equivalent level,62964
1990,MK01 Uusimaa,Unemployed,Total,14148
1990,MK01 Uusimaa,Unemployed,7-8 Master's or equivalent level or doctoral or equivalent level,579
1990,MK02 Southwest Finland,Total,Total,425282
1990,MK02 Southwest Finland,Total,7-8 Master's or equivalent level or doctoral or equivalent level,13660
1990,MK02 Southwest Finland,Employed,Total,201929
1990,MK02 Southwest Finland,Employed,7-8 Master's or equivalent level or doctoral or equivalent level,11270
1990,MK02 Southwest Finland,Unemployed,Total,9883
1990,MK02 Southwest Finland,Unemployed,7-8 Master's or equivalent level or doctoral or equivalent level,173
1990,MK05 Kanta-Häme,Total,Total,162248
1990,MK05 Kanta-Häme,Total,7-8 Master's or equivalent level or doctoral or equivalent level,3934
1990,MK05 Kanta-Häme,Employed,Total,75911
1990,MK05 Kanta-Häme,Employed,7-8 Master's or equivalent level or doctoral or equivalent level,3253
1990,MK05 Kanta-Häme,Unemployed,Total,3654
1990,MK05 Kanta-Häme,Unemployed,7-8 Master's or equivalent level or doctoral or equivalent level,30
1990,MK07 Päijät-Häme,Total,Total,204901
1990,MK07 Päijät-Häme,Total,7-8 Master's or equivalent level or doctoral or equivalent level,4057
1990,MK07 Päijät-Häme,Employed,Total,96051
1990,MK07 Päijät-Häme,Employed,7-8 Master's or equivalent level or doctoral or equivalent level,3402
1990,MK07 Päijät-Häme,Unemployed,Total,5955
1990,MK07 Päijät-Häme,Unemployed,7-8 Master's or equivalent level or doctoral or equivalent level,25
1990,MK08 Kymenlaakso,Total,Total,186030
1990,MK08 Kymenlaakso,Total,7-8 Master's or equivalent level or doctoral or equivalent level,3721
1990,MK08 Kymenlaakso,Employed,Total,83422
1990,MK08 Kymenlaakso,Employed,7-8 Master's or equivalent level or doctoral or equivalent level,3176
1990,MK08 Kymenlaakso,Unemployed,Total,6839
1990,MK08 Kymenlaakso,Unemployed,7-8 Master's or equivalent level or doctoral or equivalent level,30
1990,MK09 South Karelia,Total,Total,140244
1990,MK09 South Karelia,Total,7-8 Master's or equivalent level or doctoral or equivalent level,2738
1990,MK09 South Karelia,Employed,Total,63125
1990,MK09 South Karelia,Employed,7-8 Master's or equivalent level or doctoral or equivalent level,2348
1990,MK09 South Karelia,Unemployed,Total,4865
1990,MK09 South Karelia,Unemployed,7-8 Master's or equivalent level or doctoral or equivalent level,24
1990,MK04 Satakunta,Total,Total,240777
1990,MK04 Satakunta,Total,7-8 Master's or equivalent level or doctoral or equivalent level,4407
1990,MK04 Satakunta,Employed,Total,107355
1990,MK04 Satakunta,Employed,7-8 Master's or equivalent level or doctoral or equivalent level,3812
1990,MK04 Satakunta,Unemployed,Total,8648
1990,MK04 Satakunta,Unemployed,7-8 Master's or equivalent level or doctoral or equivalent level,43
1990,MK06 Pirkanmaa,Total,Total,430651
1990,MK06 Pirkanmaa,Total,7-8 Master's or equivalent level or doctoral or equivalent level,12750
1990,MK06 Pirkanmaa,Employed,Total,197067
1990,MK06 Pirkanmaa,Employed,7-8 Master's or equivalent level or doctoral or equivalent level,10714
1990,MK06 Pirkanmaa,Unemployed,Total,13852
1990,MK06 Pirkanmaa,Unemployed,7-8 Master's or equivalent level or doctoral or equivalent level,224
1990,MK13 Central Finland,Total,Total,254539
1990,MK13 Central Finland,Total,7-8 Master's or equivalent level or doctoral or equivalent level,6805
1990,MK13 Central Finland,Employed,Total,110051
1990,MK13 Central Finland,Employed,7-8 Master's or equivalent level or doctoral or equivalent level,5775
1990,MK13 Central Finland,Unemployed,Total,9331
1990,MK13 Central Finland,Unemployed,7-8 Master's or equivalent level or doctoral or equivalent level,100
1990,MK14 South Ostrobothnia,Total,Total,207010
1990,MK14 South Ostrobothnia,Total,7-8 Master's or equivalent level or doctoral or equivalent level,2815
1990,MK14 South Ostrobothnia,Employed,Total,88378
1990,MK14 South Ostrobothnia,Employed,7-8 Master's or equivalent level or doctoral or equivalent level,2488
1990,MK14 South Ostrobothnia,Unemployed,Total,6014
1990,MK14 South Ostrobothnia,Unemployed,7-8 Master's or equivalent level or doctoral or equivalent level,21
1990,MK15 Ostrobothnia,Total,Total,167108
1990,MK15 Ostrobothnia,Total,7-8 Master's or equivalent level or doctoral or equivalent level,3831
1990,MK15 Ostrobothnia,Employed,Total,75574
1990,MK15 Ostrobothnia,Employed,7-8 Master's or equivalent level or doctoral or equivalent level,3302
1990,MK15 Ostrobothnia,Unemployed,Total,3843
1990,MK15 Ostrobothnia,Unemployed,7-8 Master's or equivalent level or doctoral or equivalent level,30
1990,MK10 South Savo,Total,Total,163462
1990,MK10 South Savo,Total,7-8 Master's or equivalent level or doctoral or equivalent level,3020
1990,MK10 South Savo,Employed,Total,69984
1990,MK10 South Savo,Employed,7-8 Master's or equivalent level or doctoral or equivalent level,2518
1990,MK10 South Savo,Unemployed,Total,6181
1990,MK10 South Savo,Unemployed,7-8 Master's or equivalent level or doctoral or equivalent level,31
1990,MK11 North Savo,Total,Total,265040
1990,MK11 North Savo,Total,7-8 Master's or equivalent level or doctoral or equivalent level,5779
1990,MK11 North Savo,Employed,Total,112672
1990,MK11 North Savo,Employed,7-8 Master's or equivalent level or doctoral or equivalent level,4937
1990,MK11 North Savo,Unemployed,Total,9743
1990,MK11 North Savo,Unemployed,7-8 Master's or equivalent level or doctoral or equivalent level,36
1990,MK12 North Karelia,Total,Total,182200
1990,MK12 North Karelia,Total,7-8 Master's or equivalent level or doctoral or equivalent level,3511
1990,MK12 North Karelia,Employed,Total,74587
1990,MK12 North Karelia,Employed,7-8 Master's or equivalent level or doctoral or equivalent level,3014
1990,MK12 North Karelia,Unemployed,Total,8103
1990,MK12 North Karelia,Unemployed,7-8 Master's or equivalent level or doctoral or equivalent level,50
1990,MK16 Central Ostrobothnia,Total,Total,68214
1990,MK16 Central Ostrobothnia,Total,7-8 Master's or equivalent level or doctoral or equivalent level,1021
1990,MK16 Central Ostrobothnia,Employed,Total,28996
1990,MK16 Central Ostrobothnia,Employed,7-8 Master's or equivalent level or doctoral or equivalent level,902
1990,MK16 Central Ostrobothnia,Unemployed,Total,2139
1990,MK16 Central Ostrobothnia,Unemployed,7-8 Master's or equivalent level or doctoral or equivalent level,9
1990,MK17 North Ostrobothnia,Total,Total,350799
1990,MK17 North Ostrobothnia,Total,7-8 Master's or equivalent level or doctoral or equivalent level,8396
1990,MK17 North Ostrobothnia,Employed,Total,148370
1990,MK17 North Ostrobothnia,Employed,7-8 Master's or equivalent level or doctoral or equivalent level,7439
1990,MK17 North Ostrobothnia,Unemployed,Total,12496
1990,MK17 North Ostrobothnia,Unemployed,7-8 Master's or equivalent level or doctoral or equivalent level,82
1990,MK18 Kainuu,Total,Total,92459
1990,MK18 Kainuu,Total,7-8 Master's or equivalent level or doctoral or equivalent level,1619
1990,MK18 Kainuu,Employed,Total,37641
1990,MK18 Kainuu,Employed,7-8 Master's or equivalent level or doctoral or equivalent level,1445
1990,MK18 Kainuu,Unemployed,Total,4735
1990,MK18 Kainuu,Unemployed,7-8 Master's or equivalent level or doctoral or equivalent level,14
1990,MK19 Lapland,Total,Total,200674
1990,MK19 Lapland,Total,7-8 Master's or equivalent level or doctoral or equivalent level,3725
1990,MK19 Lapland,Employed,Total,85831
1990,MK19 Lapland,Employed,7-8 Master's or equivalent level or doctoral or equivalent level,3319
1990,MK19 Lapland,Unemployed,Total,10296
1990,MK19 Lapland,Unemployed,7-8 Master's or equivalent level or doctoral or equivalent level,34
1990,MK21 Åland,Total,Total,24604
1990,MK21 Åland,Total,7-8 Master's or equivalent level or doctoral or equivalent level,493
1990,MK21 Åland,Employed,Total,12407
1990,MK21 Åland,Employed,7-8 Master's or equivalent level or doctoral or equivalent level,409
1990,MK21 Åland,Unemployed,Total,236
1990,MK21 Åland,Unemployed,7-8 Master's or equivalent level or doctoral or equivalent level,1
1991,MK01 Uusimaa,Total,Total,1248072
1991,MK01 Uusimaa,Total,7-8 Master's or equivalent level or doctoral or equivalent level,78751
1991,MK01 Uusimaa,Employed,Total,620790
1991,MK01 Uusimaa,Employed,7-8 Master's or equivalent level or doctoral or equivalent level,64239
1991,MK01 Uusimaa,Unemployed,Total,58317
1991,MK01 Uusimaa,Unemployed,7-8 Master's or equivalent level or doctoral or equivalent level,1899
1991,MK02 Southwest Finland,Total,Total,427158
1991,MK02 Southwest Finland,Total,7-8 Master's or equivalent level or doctoral or equivalent level,14462
1991,MK02 Southwest Finland,Employed,Total,188193
1991,MK02 Southwest Finland,Employed,7-8 Master's or equivalent level or doctoral or equivalent level,11616
1991,MK02 Southwest Finland,Unemployed,Total,23125
1991,MK02 Southwest Finland,Unemployed,7-8 Master's or equivalent level or doctoral or equivalent level,432
1991,MK05 Kanta-Häme,Total,Total,163442
1991,MK05 Kanta-Häme,Total,7-8 Master's or equivalent level or doctoral or equivalent level,4090
1991,MK05 Kanta-Häme,Employed,Total,70690
1991,MK05 Kanta-Häme,Employed,7-8 Master's or equivalent level or doctoral or equivalent level,3337
1991,MK05 Kanta-Häme,Unemployed,Total,9047
1991,MK05 Kanta-Häme,Unemployed,7-8 Master's or equivalent level or doctoral or equivalent level,63
1991,MK07 Päijät-Häme,Total,Total,205613
1991,MK07 Päijät-Häme,Total,7-8 Master's or equivalent level or doctoral or equivalent level,4278
1991,MK07 Päijät-Häme,Employed,Total,87107
1991,MK07 Päijät-Häme,Employed,7-8 Master's or equivalent level or doctoral or equivalent level,3517
1991,MK07 Päijät-Häme,Unemployed,Total,14341
1991,MK07 Päijät-Häme,Unemployed,7-8 Master's or equivalent level or doctoral or equivalent level,76
1991,MK08 Kymenlaakso,Total,Total,186322
1991,MK08 Kymenlaakso,Total,7-8 Master's or equivalent level or doctoral or equivalent level,3865
1991,MK08 Kymenlaakso,Employed,Total,77765
1991,MK08 Kymenlaakso,Employed,7-8 Master's or equivalent level or doctoral or equivalent level,3235
1991,MK08 Kymenlaakso,Unemployed,Total,11941
1991,MK08 Kymenlaakso,Unemployed,7-8 Master's or equivalent level or doctoral or equivalent level,69
1991,MK09 South Karelia,Total,Total,140150
1991,MK09 South Karelia,Total,7-8 Master's or equivalent level or doctoral or equivalent level,2881
1991,MK09 South Karelia,Employed,Total,57859
1991,MK09 South Karelia,Employed,7-8 Master's or equivalent level or doctoral or equivalent level,2418
1991,MK09 South Karelia,Unemployed,Total,9465
1991,MK09 South Karelia,Unemployed,7-8 Master's or equivalent level or doctoral or equivalent level,51
1991,MK04 Satakunta,Total,Total,240767
1991,MK04 Satakunta,Total,7-8 Master's or equivalent level or doctoral or equivalent level,4600
1991,MK04 Satakunta,Employed,Total,98531
1991,MK04 Satakunta,Employed,7-8 Master's or equivalent level or doctoral or equivalent level,3905
1991,MK04 Satakunta,Unemployed,Total,16830
1991,MK04 Satakunta,Unemployed,7-8 Master's or equivalent level or doctoral or equivalent level,98
1991,MK06 Pirkanmaa,Total,Total,432391
1991,MK06 Pirkanmaa,Total,7-8 Master's or equivalent level or doctoral or equivalent level,13407
1991,MK06 Pirkanmaa,Employed,Total,180600
1991,MK06 Pirkanmaa,Employed,7-8 Master's or equivalent level or doctoral or equivalent level,11020
1991,MK06 Pirkanmaa,Unemployed,Total,29940
1991,MK06 Pirkanmaa,Unemployed,7-8 Master's or equivalent level or doctoral or equivalent level,508
1991,MK13 Central Finland,Total,Total,256480
1991,MK13 Central Finland,Total,7-8 Master's or equivalent level or doctoral or equivalent level,7237
1991,MK13 Central Finland,Employed,Total,103898
1991,MK13 Central Finland,Employed,7-8 Master's or equivalent level or doctoral or equivalent level,6115
1991,MK13 Central Finland,Unemployed,Total,16712
1991,MK13 Central Finland,Unemployed,7-8 Master's or equivalent level or doctoral or equivalent level,186
1991,MK14 South Ostrobothnia,Total,Total,207348
1991,MK14 South Ostrobothnia,Total,7-8 Master's or equivalent level or doctoral or equivalent level,2964
1991,MK14 South Ostrobothnia,Employed,Total,81725
1991,MK14 South Ostrobothnia,Employed,7-8 Master's or equivalent level or doctoral or equivalent level,2570
1991,MK14 South Ostrobothnia,Unemployed,Total,12157
1991,MK14 South Ostrobothnia,Unemployed,7-8 Master's or equivalent level or doctoral or equivalent level,42
1991,MK15 Ostrobothnia,Total,Total,167807
1991,MK15 Ostrobothnia,Total,7-8 Master's or equivalent level or doctoral or equivalent level,4018
1991,MK15 Ostrobothnia,Employed,Total,71101
1991,MK15 Ostrobothnia,Employed,7-8 Master's or equivalent level or doctoral or equivalent level,3451
1991,MK15 Ostrobothnia,Unemployed,Total,7689
1991,MK15 Ostrobothnia,Unemployed,7-8 Master's or equivalent level or doctoral or equivalent level,56
1991,MK10 South Savo,Total,Total,163426
1991,MK10 South Savo,Total,7-8 Master's or equivalent level or doctoral or equivalent level,3182
1991,MK10 South Savo,Employed,Total,65021
1991,MK10 South Savo,Employed,7-8 Master's or equivalent level or doctoral or equivalent level,2630
1991,MK10 South Savo,Unemployed,Total,10574
1991,MK10 South Savo,Unemployed,7-8 Master's or equivalent level or doctoral or equivalent level,57
1991,MK11 North Savo,Total,Total,266039
1991,MK11 North Savo,Total,7-8 Master's or equivalent level or doctoral or equivalent level,6032
1991,MK11 North Savo,Employed,Total,104683
1991,MK11 North Savo,Employed,7-8 Master's or equivalent level or doctoral or equivalent level,5091
1991,MK11 North Savo,Unemployed,Total,17042
1991,MK11 North Savo,Unemployed,7-8 Master's or equivalent level or doctoral or equivalent level,110
1991,MK12 North Karelia,Total,Total,182707
1991,MK12 North Karelia,Total,7-8 Master's or equivalent level or doctoral or equivalent level,3738
1991,MK12 North Karelia,Employed,Total,69776
1991,MK12 North Karelia,Employed,7-8 Master's or equivalent level or doctoral or equivalent level,3139
1991,MK12 North Karelia,Unemployed,Total,12417
1991,MK12 North Karelia,Unemployed,7-8 Master's or equivalent level or doctoral or equivalent level,88
1991,MK16 Central Ostrobothnia,Total,Total,68503
1991,MK16 Central Ostrobothnia,Total,7-8 Master's or equivalent level or doctoral or equivalent level,1094
1991,MK16 Central Ostrobothnia,Employed,Total,26794
1991,MK16 Central Ostrobothnia,Employed,7-8 Master's or equivalent level or doctoral or equivalent level,959
1991,MK16 Central Ostrobothnia,Unemployed,Total,4199
1991,MK16 Central Ostrobothnia,Unemployed,7-8 Master's or equivalent level or doctoral or equivalent level,26
1991,MK17 North Ostrobothnia,Total,Total,354088
1991,MK17 North Ostrobothnia,Total,7-8 Master's or equivalent level or doctoral or equivalent level,9020
1991,MK17 North Ostrobothnia,Employed,Total,138616
1991,MK17 North Ostrobothnia,Employed,7-8 Master's or equivalent level or doctoral or equivalent level,7871
1991,MK17 North Ostrobothnia,Unemployed,Total,22250
1991,MK17 North Ostrobothnia,Unemployed,7-8 Master's or equivalent level or doctoral or equivalent level,194
1991,MK18 Kainuu,Total,Total,92190
1991,MK18 Kainuu,Total,7-8 Master's or equivalent level or doctoral or equivalent level,1661
1991,MK18 Kainuu,Employed,Total,34511
1991,MK18 Kainuu,Employed,7-8 Master's or equivalent level or doctoral or equivalent level,1456
1991,MK18 Kainuu,Unemployed,Total,7731
1991,MK18 Kainuu,Unemployed,7-8 Master's or equivalent level or doctoral or equivalent level,24
1991,MK19 Lapland,Total,Total,201652
1991,MK19 Lapland,Total,7-8 Master's or equivalent level or doctoral or equivalent level,3915
1991,MK19 Lapland,Employed,Total,79260
1991,MK19 Lapland,Employed,7-8 Master's or equivalent level or doctoral or equivalent level,3451
1991,MK19 Lapland,Unemployed,Total,16470
1991,MK19 Lapland,Unemployed,7-8 Master's or equivalent level or doctoral or equivalent level,69
1991,MK21 Åland,Total,Total,24847
1991,MK21 Åland,Total,7-8 Master's or equivalent level or doctoral or equivalent level,505
1991,MK21 Åland,Employed,Total,12227
1991,MK21 Åland,Employed,7-8 Master's or equivalent level or doctoral or equivalent level,419
1991,MK21 Åland,Unemployed,Total,469
1991,MK21 Åland,Unemployed,7-8 Master's or equivalent level or doctoral or equivalent level,9
1992,MK01 Uusimaa,Total,Total,1261807
1992,MK01 Uusimaa,Total,7-8 Master's or equivalent level or doctoral or equivalent level,82124
1992,MK01 Uusimaa,Employed,Total,579448
1992,MK01 Uusimaa,Employed,7-8 Master's or equivalent level or doctoral or equivalent level,65166
1992,MK01 Uusimaa,Unemployed,Total,96091
1992,MK01 Uusimaa,Unemployed,7-8 Master's or equivalent level or doctoral or equivalent level,3714
1992,MK02 Southwest Finland,Total,Total,428864
1992,MK02 Southwest Finland,Total,7-8 Master's or equivalent level or doctoral or equivalent level,15251
1992,MK02 Southwest Finland,Employed,Total,175077
1992,MK02 Southwest Finland,Employed,7-8 Master's or equivalent level or doctoral or equivalent level,12085
1992,MK02 Southwest Finland,Unemployed,Total,35097
1992,MK02 Southwest Finland,Unemployed,7-8 Master's or equivalent level or doctoral or equivalent level,714
1992,MK05 Kanta-Häme,Total,Total,164363
1992,MK05 Kanta-Häme,Total,7-8 Master's or equivalent level or doctoral or equivalent level,4244
1992,MK05 Kanta-Häme,Employed,Total,65111
1992,MK05 Kanta-Häme,Employed,7-8 Master's or equivalent level or doctoral or equivalent level,3381
1992,MK05 Kanta-Häme,Unemployed,Total,14115
1992,MK05 Kanta-Häme,Unemployed,7-8 Master's or equivalent level or doctoral or equivalent level,142
1992,MK07 Päijät-Häme,Total,Total,206107
1992,MK07 Päijät-Häme,Total,7-8 Master's or equivalent level or doctoral or equivalent level,4471
1992,MK07 Päijät-Häme,Employed,Total,80244
1992,MK07 Päijät-Häme,Employed,7-8 Master's or equivalent level or doctoral or equivalent level,3630
1992,MK07 Päijät-Häme,Unemployed,Total,20885
1992,MK07 Päijät-Häme,Unemployed,7-8 Master's or equivalent level or doctoral or equivalent level,127
1992,MK08 Kymenlaakso,Total,Total,186382
1992,MK08 Kymenlaakso,Total,7-8 Master's or equivalent level or doctoral or equivalent level,4014
1992,MK08 Kymenlaakso,Employed,Total,72604
1992,MK08 Kymenlaakso,Employed,7-8 Master's or equivalent level or doctoral or equivalent level,3274
1992,MK08 Kymenlaakso,Unemployed,Total,16500
1992,MK08 Kymenlaakso,Unemployed,7-8 Master's or equivalent level or doctoral or equivalent level,98
1992,MK09 South Karelia,Total,Total,139907
1992,MK09 South Karelia,Total,7-8 Master's or equivalent level or doctoral or equivalent level,3015
1992,MK09 South Karelia,Employed,Total,53533
1992,MK09 South Karelia,Employed,7-8 Master's or equivalent level or doctoral or equivalent level,2473
1992,MK09 South Karelia,Unemployed,Total,13202
1992,MK09 South Karelia,Unemployed,7-8 Master's or equivalent level or doctoral or equivalent level,93
1992,MK04 Satakunta,Total,Total,240744
1992,MK04 Satakunta,Total,7-8 Master's or equivalent level or doctoral or equivalent level,4779
1992,MK04 Satakunta,Employed,Total,90649
1992,MK04 Satakunta,Employed,7-8 Master's or equivalent level or doctoral or equivalent level,3992
1992,MK04 Satakunta,Unemployed,Total,23354
1992,MK04 Satakunta,Unemployed,7-8 Master's or equivalent level or doctoral or equivalent level,154
1992,MK06 Pirkanmaa,Total,Total,434066
1992,MK06 Pirkanmaa,Total,7-8 Master's or equivalent level or doctoral or equivalent level,14130
1992,MK06 Pirkanmaa,Employed,Total,168090
1992,MK06 Pirkanmaa,Employed,7-8 Master's or equivalent level or doctoral or equivalent level,11287
1992,MK06 Pirkanmaa,Unemployed,Total,40899
1992,MK06 Pirkanmaa,Unemployed,7-8 Master's or equivalent level or doctoral or equivalent level,790
1992,MK13 Central Finland,Total,Total,257719
1992,MK13 Central Finland,Total,7-8 Master's or equivalent level or doctoral or equivalent level,7633
1992,MK13 Central Finland,Employed,Total,95906
1992,MK13 Central Finland,Employed,7-8 Master's or equivalent level or doctoral or equivalent level,6381
1992,MK13 Central Finland,Unemployed,Total,24699
1992,MK13 Central Finland,Unemployed,7-8 Master's or equivalent level or doctoral or equivalent level,323
1992,MK14 South Ostrobothnia,Total,Total,207742
1992,MK14 South Ostrobothnia,Total,7-8 Master's or equivalent level or doctoral or equivalent level,3175
1992,MK14 South Ostrobothnia,Employed,Total,76078
1992,MK14 South Ostrobothnia,Employed,7-8 Master's or equivalent level or doctoral or equivalent level,2717
1992,MK14 South Ostrobothnia,Unemployed,Total,17078
1992,MK14 South Ostrobothnia,Unemployed,7-8 Master's or equivalent level or doctoral or equivalent level,91
1992,MK15 Ostrobothnia,Total,Total,168379
1992,MK15 Ostrobothnia,Total,7-8 Master's or equivalent level or doctoral or equivalent level,4282
1992,MK15 Ostrobothnia,Employed,Total,66475
1992,MK15 Ostrobothnia,Employed,7-8 Master's or equivalent level or doctoral or equivalent level,3621
1992,MK15 Ostrobothnia,Unemployed,Total,11663
1992,MK15 Ostrobothnia,Unemployed,7-8 Master's or equivalent level or doctoral or equivalent level,125
1992,MK10 South Savo,Total,Total,163503
1992,MK10 South Savo,Total,7-8 Master's or equivalent level or doctoral or equivalent level,3353
1992,MK10 South Savo,Employed,Total,60284
1992,MK10 South Savo,Employed,7-8 Master's or equivalent level or doctoral or equivalent level,2724
1992,MK10 South Savo,Unemployed,Total,15396
1992,MK10 South Savo,Unemployed,7-8 Master's or equivalent level or doctoral or equivalent level,123
1992,MK11 North Savo,Total,Total,266853
1992,MK11 North Savo,Total,7-8 Master's or equivalent level or doctoral or equivalent level,6347
1992,MK11 North Savo,Employed,Total,96872
1992,MK11 North Savo,Employed,7-8 Master's or equivalent level or doctoral or equivalent level,5296
1992,MK11 North Savo,Unemployed,Total,23872
1992,MK11 North Savo,Unemployed,7-8 Master's or equivalent level or doctoral or equivalent level,178
1992,MK12 North Karelia,Total,Total,183151
1992,MK12 North Karelia,Total,7-8 Master's or equivalent level or doctoral or equivalent level,3982
1992,MK12 North Karelia,Employed,Total,64562
1992,MK12 North Karelia,Employed,7-8 Master's or equivalent level or doctoral or equivalent level,3318
1992,MK12 North Karelia,Unemployed,Total,17657
1992,MK12 North Karelia,Unemployed,7-8 Master's or equivalent level or doctoral or equivalent level,164
1992,MK16 Central Ostrobothnia,Total,Total,68887
1992,MK16 Central Ostrobothnia,Total,7-8 Master's or equivalent level or doctoral or equivalent level,1181
1992,MK16 Central Ostrobothnia,Employed,Total,25348
1992,MK16 Central Ostrobothnia,Employed,7-8 Master's or equivalent level or doctoral or equivalent level,1031
1992,MK16 Central Ostrobothnia,Unemployed,Total,5652
1992,MK16 Central Ostrobothnia,Unemployed,7-8 Master's or equivalent level or doctoral or equivalent level,40
1992,MK17 North Ostrobothnia,Total,Total,357072
1992,MK17 North Ostrobothnia,Total,7-8 Master's or equivalent level or doctoral or equivalent level,9642
1992,MK17 North Ostrobothnia,Employed,Total,129043
1992,MK17 North Ostrobothnia,Employed,7-8 Master's or equivalent level or doctoral or equivalent level,8252
1992,MK17 North Ostrobothnia,Unemployed,Total,32587
1992,MK17 North Ostrobothnia,Unemployed,7-8 Master's or equivalent level or doctoral or equivalent level,368
1992,MK18 Kainuu,Total,Total,92010
1992,MK18 Kainuu,Total,7-8 Master's or equivalent level or doctoral or equivalent level,1756
1992,MK18 Kainuu,Employed,Total,31077
1992,MK18 Kainuu,Employed,7-8 Master's or equivalent level or doctoral or equivalent level,1502
1992,MK18 Kainuu,Unemployed,Total,10847
1992,MK18 Kainuu,Unemployed,7-8 Master's or equivalent level or doctoral or equivalent level,48
1992,MK19 Lapland,Total,Total,202433
1992,MK19 Lapland,Total,7-8 Master's or equivalent level or doctoral or equivalent level,4105
1992,MK19 Lapland,Employed,Total,72202
1992,MK19 Lapland,Employed,7-8 Master's or equivalent level or doctoral or equivalent level,3545
1992,MK19 Lapland,Unemployed,Total,23172
1992,MK19 Lapland,Unemployed,7-8 Master's or equivalent level or doctoral or equivalent level,145
1992,MK21 Åland,Total,Total,24993
1992,MK21 Åland,Total,7-8 Master's or equivalent level or doctoral or equivalent level,528
1992,MK21 Åland,Employed,Total,11827
1992,MK21 Åland,Employed,7-8 Master's or equivalent level or doctoral or equivalent level,435
1992,MK21 Åland,Unemployed,Total,783
1992,MK21 Åland,Unemployed,7-8 Master's or equivalent level or doctoral or equivalent level,5
1993,MK01 Uusimaa,Total,Total,1277609
1993,MK01 Uusimaa,Total,7-8 Master's or equivalent level or doctoral or equivalent level,85782
1993,MK01 Uusimaa,Employed,Total,541746
1993,MK01 Uusimaa,Employed,7-8 Master's or equivalent level or doctoral or equivalent level,65191
1993,MK01 Uusimaa,Unemployed,Total,118933
1993,MK01 Uusimaa,Unemployed,7-8 Master's or equivalent level or doctoral or equivalent level,4759
1993,MK02 Southwest Finland,Total,Total,430409
1993,MK02 Southwest Finland,Total,7-8 Master's or equivalent level or doctoral or equivalent level,16184
1993,MK02 Southwest Finland,Employed,Total,163219
1993,MK02 Southwest Finland,Employed,7-8 Master's or equivalent level or doctoral or equivalent level,12356
1993,MK02 Southwest Finland,Unemployed,Total,43783
1993,MK02 Southwest Finland,Unemployed,7-8 Master's or equivalent level or doctoral or equivalent level,1023
1993,MK05 Kanta-Häme,Total,Total,164767
1993,MK05 Kanta-Häme,Total,7-8 Master's or equivalent level or doctoral or equivalent level,4445
1993,MK05 Kanta-Häme,Employed,Total,60497
1993,MK05 Kanta-Häme,Employed,7-8 Master's or equivalent level or doctoral or equivalent level,3437
1993,MK05 Kanta-Häme,Unemployed,Total,17458
1993,MK05 Kanta-Häme,Unemployed,7-8 Master's or equivalent level or doctoral or equivalent level,188
1993,MK07 Päijät-Häme,Total,Total,206233
1993,MK07 Päijät-Häme,Total,7-8 Master's or equivalent level or doctoral or equivalent level,4645
1993,MK07 Päijät-Häme,Employed,Total,73354
1993,MK07 Päijät-Häme,Employed,7-8 Master's or equivalent level or doctoral or equivalent level,3600
1993,MK07 Päijät-Häme,Unemployed,Total,25729
1993,MK07 Päijät-Häme,Unemployed,7-8 Master's or equivalent level or doctoral or equivalent level,226
1993,MK08 Kymenlaakso,Total,Total,186054
1993,MK08 Kymenlaakso,Total,7-8 Master's or equivalent level or doctoral or equivalent level,4182
1993,MK08 Kymenlaakso,Employed,Total,67431
1993,MK08 Kymenlaakso,Employed,7-8 Master's or equivalent level or doctoral or equivalent level,3258
1993,MK08 Kymenlaakso,Unemployed,Total,19813
1993,MK08 Kymenlaakso,Unemployed,7-8 Master's or equivalent level or doctoral or equivalent level,184
1993,MK09 South Karelia,Total,Total,139569
1993,MK09 South Karelia,Total,7-8 Master's or equivalent level or doctoral or equivalent level,3177
1993,MK09 South Karelia,Employed,Total,49777
1993,MK09 South Karelia,Employed,7-8 Master's or equivalent level or doctoral or equivalent level,2546
1993,MK09 South Karelia,Unemployed,Total,15472
1993,MK09 South Karelia,Unemployed,7-8 Master's or equivalent level or doctoral or equivalent level,129
1993,MK04 Satakunta,Total,Total,240519
1993,MK04 Satakunta,Total,7-8 Master's or equivalent level or doctoral or equivalent level,4989
1993,MK04 Satakunta,Employed,Total,84995
1993,MK04 Satakunta,Employed,7-8 Master's or equivalent level or doctoral or equivalent level,4047
1993,MK04 Satakunta,Unemployed,Total,27623
1993,MK04 Satakunta,Unemployed,7-8 Master's or equivalent level or doctoral or equivalent level,222
1993,MK06 Pirkanmaa,Total,Total,435789
1993,MK06 Pirkanmaa,Total,7-8 Master's or equivalent level or doctoral or equivalent level,14937
1993,MK06 Pirkanmaa,Employed,Total,157008
1993,MK06 Pirkanmaa,Employed,7-8 Master's or equivalent level or doctoral or equivalent level,11447
1993,MK06 Pirkanmaa,Unemployed,Total,48734
1993,MK06 Pirkanmaa,Unemployed,7-8 Master's or equivalent level or doctoral or equivalent level,1090
1993,MK13 Central Finland,Total,Total,258485
1993,MK13 Central Finland,Total,7-8 Master's or equivalent level or doctoral or equivalent level,8046
1993,MK13 Central Finland,Employed,Total,88432
1993,MK13 Central Finland,Employed,7-8 Master's or equivalent level or doctoral or equivalent level,6480
1993,MK13 Central Finland,Unemployed,Total,30232
1993,MK13 Central Finland,Unemployed,7-8 Master's or equivalent level or doctoral or equivalent level,466
1993,MK14 South Ostrobothnia,Total,Total,207862
1993,MK14 South Ostrobothnia,Total,7-8 Master's or equivalent level or doctoral or equivalent level,3394
1993,MK14 South Ostrobothnia,Employed,Total,70677
1993,MK14 South Ostrobothnia,Employed,7-8 Master's or equivalent level or doctoral or equivalent level,2813
1993,MK14 South Ostrobothnia,Unemployed,Total,21280
1993,MK14 South Ostrobothnia,Unemployed,7-8 Master's or equivalent level or doctoral or equivalent level,144
1993,MK15 Ostrobothnia,Total,Total,168698
1993,MK15 Ostrobothnia,Total,7-8 Master's or equivalent level or doctoral or equivalent level,4563
1993,MK15 Ostrobothnia,Employed,Total,62627
1993,MK15 Ostrobothnia,Employed,7-8 Master's or equivalent level or doctoral or equivalent level,3727
1993,MK15 Ostrobothnia,Unemployed,Total,14014
1993,MK15 Ostrobothnia,Unemployed,7-8 Master's or equivalent level or doctoral or equivalent level,181
1993,MK10 South Savo,Total,Total,163130
1993,MK10 South Savo,Total,7-8 Master's or equivalent level or doctoral or equivalent level,3482
1993,MK10 South Savo,Employed,Total,55314
1993,MK10 South Savo,Employed,7-8 Master's or equivalent level or doctoral or equivalent level,2721
1993,MK10 South Savo,Unemployed,Total,18907
1993,MK10 South Savo,Unemployed,7-8 Master's or equivalent level or doctoral or equivalent level,151
1993,MK11 North Savo,Total,Total,266956
1993,MK11 North Savo,Total,7-8 Master's or equivalent level or doctoral or equivalent level,6638
1993,MK11 North Savo,Employed,Total,89621
1993,MK11 North Savo,Employed,7-8 Master's or equivalent level or doctoral or equivalent level,5349
1993,MK11 North Savo,Unemployed,Total,28733
1993,MK11 North Savo,Unemployed,7-8 Master's or equivalent level or doctoral or equivalent level,238
1993,MK12 North Karelia,Total,Total,183293
1993,MK12 North Karelia,Total,7-8 Master's or equivalent level or doctoral or equivalent level,4220
1993,MK12 North Karelia,Employed,Total,60466
1993,MK12 North Karelia,Employed,7-8 Master's or equivalent level or doctoral or equivalent level,3392
1993,MK12 North Karelia,Unemployed,Total,20080
1993,MK12 North Karelia,Unemployed,7-8 Master's or equivalent level or doctoral or equivalent level,223
1993,MK16 Central Ostrobothnia,Total,Total,69315
1993,MK16 Central Ostrobothnia,Total,7-8 Master's or equivalent level or doctoral or equivalent level,1268
1993,MK16 Central Ostrobothnia,Employed,Total,23659
1993,MK16 Central Ostrobothnia,Employed,7-8 Master's or equivalent level or doctoral or equivalent level,1070
1993,MK16 Central Ostrobothnia,Unemployed,Total,7181
1993,MK16 Central Ostrobothnia,Unemployed,7-8 Master's or equivalent level or doctoral or equivalent level,42
1993,MK17 North Ostrobothnia,Total,Total,359433
1993,MK17 North Ostrobothnia,Total,7-8 Master's or equivalent level or doctoral or equivalent level,10319
1993,MK17 North Ostrobothnia,Employed,Total,121235
1993,MK17 North Ostrobothnia,Employed,7-8 Master's or equivalent level or doctoral or equivalent level,8554
1993,MK17 North Ostrobothnia,Unemployed,Total,38230
1993,MK17 North Ostrobothnia,Unemployed,7-8 Master's or equivalent level or doctoral or equivalent level,556
1993,MK18 Kainuu,Total,Total,91794
1993,MK18 Kainuu,Total,7-8 Master's or equivalent level or doctoral or equivalent level,1800
1993,MK18 Kainuu,Employed,Total,29275
1993,MK18 Kainuu,Employed,7-8 Master's or equivalent level or doctoral or equivalent level,1474
1993,MK18 Kainuu,Unemployed,Total,11433
1993,MK18 Kainuu,Unemployed,7-8 Master's or equivalent level or doctoral or equivalent level,80
1993,MK19 Lapland,Total,Total,202895
1993,MK19 Lapland,Total,7-8 Master's or equivalent level or doctoral or equivalent level,4327
1993,MK19 Lapland,Employed,Total,66808
1993,MK19 Lapland,Employed,7-8 Master's or equivalent level or doctoral or equivalent level,3619
1993,MK19 Lapland,Unemployed,Total,26600
1993,MK19 Lapland,Unemployed,7-8 Master's or equivalent level or doctoral or equivalent level,189
1993,MK21 Åland,Total,Total,25102
1993,MK21 Åland,Total,7-8 Master's or equivalent level or doctoral or equivalent level,557
1993,MK21 Åland,Employed,Total,11580
1993,MK21 Åland,Employed,7-8 Master's or equivalent level or doctoral or equivalent level,444
1993,MK21 Åland,Unemployed,Total,1055
1993,MK21 Åland,Unemployed,7-8 Master's or equivalent level or doctoral or equivalent level,12
1994,MK01 Uusimaa,Total,Total,1293573
1994,MK01 Uusimaa,Total,7-8 Master's or equivalent level or doctoral or equivalent level,89460
1994,MK01 Uusimaa,Employed,Total,551416
1994,MK01 Uusimaa,Employed,7-8 Master's or equivalent level or doctoral or equivalent level,68345
1994,MK01 Uusimaa,Unemployed,Total,112531
1994,MK01 Uusimaa,Unemployed,7-8 Master's or equivalent level or doctoral or equivalent level,4473
1994,MK02 Southwest Finland,Total,Total,432603
1994,MK02 Southwest Finland,Total,7-8 Master's or equivalent level or doctoral or equivalent level,16895
1994,MK02 Southwest Finland,Employed,Total,169133
1994,MK02 Southwest Finland,Employed,7-8 Master's or equivalent level or doctoral or equivalent level,12893
1994,MK02 Southwest Finland,Unemployed,Total,37691
1994,MK02 Southwest Finland,Unemployed,7-8 Master's or equivalent level or doctoral or equivalent level,984
1994,MK05 Kanta-Häme,Total,Total,164957
1994,MK05 Kanta-Häme,Total,7-8 Master's or equivalent level or doctoral or equivalent level,4625
1994,MK05 Kanta-Häme,Employed,Total,61793
1994,MK05 Kanta-Häme,Employed,7-8 Master's or equivalent level or doctoral or equivalent level,3566
1994,MK05 Kanta-Häme,Unemployed,Total,15745
1994,MK05 Kanta-Häme,Unemployed,7-8 Master's or equivalent level or doctoral or equivalent level,160
1994,MK07 Päijät-Häme,Total,Total,206171
1994,MK07 Päijät-Häme,Total,7-8 Master's or equivalent level or doctoral or equivalent level,4769
1994,MK07 Päijät-Häme,Employed,Total,75061
1994,MK07 Päijät-Häme,Employed,7-8 Master's or equivalent level or doctoral or equivalent level,3727
1994,MK07 Päijät-Häme,Unemployed,Total,23409
1994,MK07 Päijät-Häme,Unemployed,7-8 Master's or equivalent level or doctoral or equivalent level,183
1994,MK08 Kymenlaakso,Total,Total,185462
1994,MK08 Kymenlaakso,Total,7-8 Master's or equivalent level or doctoral or equivalent level,4303
1994,MK08 Kymenlaakso,Employed,Total,68510
1994,MK08 Kymenlaakso,Employed,7-8 Master's or equivalent level or doctoral or equivalent level,3391
1994,MK08 Kymenlaakso,Unemployed,Total,18199
1994,MK08 Kymenlaakso,Unemployed,7-8 Master's or equivalent level or doctoral or equivalent level,145
1994,MK09 South Karelia,Total,Total,139297
1994,MK09 South Karelia,Total,7-8 Master's or equivalent level or doctoral or equivalent level,3307
1994,MK09 South Karelia,Employed,Total,49765
1994,MK09 South Karelia,Employed,7-8 Master's or equivalent level or doctoral or equivalent level,2623
1994,MK09 South Karelia,Unemployed,Total,14821
1994,MK09 South Karelia,Unemployed,7-8 Master's or equivalent level or doctoral or equivalent level,135
1994,MK04 Satakunta,Total,Total,240028
1994,MK04 Satakunta,Total,7-8 Master's or equivalent level or doctoral or equivalent level,5241
1994,MK04 Satakunta,Employed,Total,87380
1994,MK04 Satakunta,Employed,7-8 Master's or equivalent level or doctoral or equivalent level,4233
1994,MK04 Satakunta,Unemployed,Total,24737
1994,MK04 Satakunta,Unemployed,7-8 Master's or equivalent level or doctoral or equivalent level,233
1994,MK06 Pirkanmaa,Total,Total,438114
1994,MK06 Pirkanmaa,Total,7-8 Master's or equivalent level or doctoral or equivalent level,15711
1994,MK06 Pirkanmaa,Employed,Total,162602
1994,MK06 Pirkanmaa,Employed,7-8 Master's or equivalent level or doctoral or equivalent level,12146
1994,MK06 Pirkanmaa,Unemployed,Total,43712
1994,MK06 Pirkanmaa,Unemployed,7-8 Master's or equivalent level or doctoral or equivalent level,954
1994,MK13 Central Finland,Total,Total,259392
1994,MK13 Central Finland,Total,7-8 Master's or equivalent level or doctoral or equivalent level,8368
1994,MK13 Central Finland,Employed,Total,90231
1994,MK13 Central Finland,Employed,7-8 Master's or equivalent level or doctoral or equivalent level,6689
1994,MK13 Central Finland,Unemployed,Total,27754
1994,MK13 Central Finland,Unemployed,7-8 Master's or equivalent level or doctoral or equivalent level,452
1994,MK14 South Ostrobothnia,Total,Total,207514
1994,MK14 South Ostrobothnia,Total,7-8 Master's or equivalent level or doctoral or equivalent level,3608
1994,MK14 South Ostrobothnia,Employed,Total,72556
1994,MK14 South Ostrobothnia,Employed,7-8 Master's or equivalent level or doctoral or equivalent level,2979
1994,MK14 South Ostrobothnia,Unemployed,Total,18551
1994,MK14 South Ostrobothnia,Unemployed,7-8 Master's or equivalent level or doctoral or equivalent level,139
1994,MK15 Ostrobothnia,Total,Total,168833
1994,MK15 Ostrobothnia,Total,7-8 Master's or equivalent level or doctoral or equivalent level,4821
1994,MK15 Ostrobothnia,Employed,Total,64178
1994,MK15 Ostrobothnia,Employed,7-8 Master's or equivalent level or doctoral or equivalent level,3969
1994,MK15 Ostrobothnia,Unemployed,Total,12277
1994,MK15 Ostrobothnia,Unemployed,7-8 Master's or equivalent level or doctoral or equivalent level,162
1994,MK10 South Savo,Total,Total,162691
1994,MK10 South Savo,Total,7-8 Master's or equivalent level or doctoral or equivalent level,3630
1994,MK10 South Savo,Employed,Total,55673
1994,MK10 South Savo,Employed,7-8 Master's or equivalent level or doctoral or equivalent level,2813
1994,MK10 South Savo,Unemployed,Total,17400
1994,MK10 South Savo,Unemployed,7-8 Master's or equivalent level or doctoral or equivalent level,144
1994,MK11 North Savo,Total,Total,266870
1994,MK11 North Savo,Total,7-8 Master's or equivalent level or doctoral or equivalent level,6947
1994,MK11 North Savo,Employed,Total,91080
1994,MK11 North Savo,Employed,7-8 Master's or equivalent level or doctoral or equivalent level,5605
1994,MK11 North Savo,Unemployed,Total,26603
1994,MK11 North Savo,Unemployed,7-8 Master's or equivalent level or doctoral or equivalent level,243
1994,MK12 North Karelia,Total,Total,183038
1994,MK12 North Karelia,Total,7-8 Master's or equivalent level or doctoral or equivalent level,4479
1994,MK12 North Karelia,Employed,Total,60435
1994,MK12 North Karelia,Employed,7-8 Master's or equivalent level or doctoral or equivalent level,3528
1994,MK12 North Karelia,Unemployed,Total,19677
1994,MK12 North Karelia,Unemployed,7-8 Master's or equivalent level or doctoral or equivalent level,255
1994,MK16 Central Ostrobothnia,Total,Total,69627
1994,MK16 Central Ostrobothnia,Total,7-8 Master's or equivalent level or doctoral or equivalent level,1338
1994,MK16 Central Ostrobothnia,Employed,Total,24405
1994,MK16 Central Ostrobothnia,Employed,7-8 Master's or equivalent level or doctoral or equivalent level,1126
1994,MK16 Central Ostrobothnia,Unemployed,Total,6401
1994,MK16 Central Ostrobothnia,Unemployed,7-8 Master's or equivalent level or doctoral or equivalent level,51
1994,MK17 North Ostrobothnia,Total,Total,361751
1994,MK17 North Ostrobothnia,Total,7-8 Master's or equivalent level or doctoral or equivalent level,10879
1994,MK17 North Ostrobothnia,Employed,Total,124675
1994,MK17 North Ostrobothnia,Employed,7-8 Master's or equivalent level or doctoral or equivalent level,9037
1994,MK17 North Ostrobothnia,Unemployed,Total,35202
1994,MK17 North Ostrobothnia,Unemployed,7-8 Master's or equivalent level or doctoral or equivalent level,528
1994,MK18 Kainuu,Total,Total,91350
1994,MK18 Kainuu,Total,7-8 Master's or equivalent level or doctoral or equivalent level,1876
1994,MK18 Kainuu,Employed,Total,29811
1994,MK18 Kainuu,Employed,7-8 Master's or equivalent level or doctoral or equivalent level,1557
1994,MK18 Kainuu,Unemployed,Total,10491
1994,MK18 Kainuu,Unemployed,7-8 Master's or equivalent level or doctoral or equivalent level,74
1994,MK19 Lapland,Total,Total,202325
1994,MK19 Lapland,Total,7-8 Master's or equivalent level or doctoral or equivalent level,4482
1994,MK19 Lapland,Employed,Total,66940
1994,MK19 Lapland,Employed,7-8 Master's or equivalent level or doctoral or equivalent level,3774
1994,MK19 Lapland,Unemployed,Total,25249
1994,MK19 Lapland,Unemployed,7-8 Master's or equivalent level or doctoral or equivalent level,158
1994,MK21 Åland,Total,Total,25158
1994,MK21 Åland,Total,7-8 Master's or equivalent level or doctoral or equivalent level,588
1994,MK21 Åland,Employed,Total,11407
1994,MK21 Åland,Employed,7-8 Master's or equivalent level or doctoral or equivalent level,462
1994,MK21 Åland,Unemployed,Total,1106
1994,MK21 Åland,Unemployed,7-8 Master's or equivalent level or doctoral or equivalent level,12
1995,MK01 Uusimaa,Total,Total,1310680
1995,MK01 Uusimaa,Total,7-8 Master's or equivalent level or doctoral or equivalent level,93539
1995,MK01 Uusimaa,Employed,Total,562452
1995,MK01 Uusimaa,Employed,7-8 Master's or equivalent level or doctoral or equivalent level,71779
1995,MK01 Uusimaa,Unemployed,Total,107846
1995,MK01 Uusimaa,Unemployed,7-8 Master's or equivalent level or doctoral or equivalent level,4248
1995,MK02 Southwest Finland,Total,Total,435119
1995,MK02 Southwest Finland,Total,7-8 Master's or equivalent level or doctoral or equivalent level,17648
1995,MK02 Southwest Finland,Employed,Total,171919
1995,MK02 Southwest Finland,Employed,7-8 Master's or equivalent level or doctoral or equivalent level,13601
1995,MK02 Southwest Finland,Unemployed,Total,35506
1995,MK02 Southwest Finland,Unemployed,7-8 Master's or equivalent level or doctoral or equivalent level,851
1995,MK05 Kanta-Häme,Total,Total,164937
1995,MK05 Kanta-Häme,Total,7-8 Master's or equivalent level or doctoral or equivalent level,4800
1995,MK05 Kanta-Häme,Employed,Total,61682
1995,MK05 Kanta-Häme,Employed,7-8 Master's or equivalent level or doctoral or equivalent level,3725
1995,MK05 Kanta-Häme,Unemployed,Total,15415
1995,MK05 Kanta-Häme,Unemployed,7-8 Master's or equivalent level or doctoral or equivalent level,131
1995,MK07 Päijät-Häme,Total,Total,205973
1995,MK07 Päijät-Häme,Total,7-8 Master's or equivalent level or doctoral or equivalent level,4935
1995,MK07 Päijät-Häme,Employed,Total,75796
1995,MK07 Päijät-Häme,Employed,7-8 Master's or equivalent level or doctoral or equivalent level,3860
1995,MK07 Päijät-Häme,Unemployed,Total,22076
1995,MK07 Päijät-Häme,Unemployed,7-8 Master's or equivalent level or doctoral or equivalent level,138
1995,MK08 Kymenlaakso,Total,Total,184595
1995,MK08 Kymenlaakso,Total,7-8 Master's or equivalent level or doctoral or equivalent level,4442
1995,MK08 Kymenlaakso,Employed,Total,68428
1995,MK08 Kymenlaakso,Employed,7-8 Master's or equivalent level or doctoral or equivalent level,3500
1995,MK08 Kymenlaakso,Unemployed,Total,17605
1995,MK08 Kymenlaakso,Unemployed,7-8 Master's or equivalent level or doctoral or equivalent level,133
1995,MK09 South Karelia,Total,Total,138678
1995,MK09 South Karelia,Total,7-8 Master's or equivalent level or doctoral or equivalent level,3457
1995,MK09 South Karelia,Employed,Total,49946
1995,MK09 South Karelia,Employed,7-8 Master's or equivalent level or doctoral or equivalent level,2766
1995,MK09 South Karelia,Unemployed,Total,14172
1995,MK09 South Karelia,Unemployed,7-8 Master's or equivalent level or doctoral or equivalent level,127
1995,MK04 Satakunta,Total,Total,239255
1995,MK04 Satakunta,Total,7-8 Master's or equivalent level or doctoral or equivalent level,5412
1995,MK04 Satakunta,Employed,Total,86943
1995,MK04 Satakunta,Employed,7-8 Master's or equivalent level or doctoral or equivalent level,4394
1995,MK04 Satakunta,Unemployed,Total,24044
1995,MK04 Satakunta,Unemployed,7-8 Master's or equivalent level or doctoral or equivalent level,182
1995,MK06 Pirkanmaa,Total,Total,440734
1995,MK06 Pirkanmaa,Total,7-8 Master's or equivalent level or doctoral or equivalent level,16514
1995,MK06 Pirkanmaa,Employed,Total,165800
1995,MK06 Pirkanmaa,Employed,7-8 Master's or equivalent level or doctoral or equivalent level,12856
1995,MK06 Pirkanmaa,Unemployed,Total,41579
1995,MK06 Pirkanmaa,Unemployed,7-8 Master's or equivalent level or doctoral or equivalent level,863
1995,MK13 Central Finland,Total,Total,259778
1995,MK13 Central Finland,Total,7-8 Master's or equivalent level or doctoral or equivalent level,8765
1995,MK13 Central Finland,Employed,Total,90713
1995,MK13 Central Finland,Employed,7-8 Master's or equivalent level or doctoral or equivalent level,6987
1995,MK13 Central Finland,Unemployed,Total,26640
1995,MK13 Central Finland,Unemployed,7-8 Master's or equivalent level or doctoral or equivalent level,411
1995,MK14 South Ostrobothnia,Total,Total,206136
1995,MK14 South Ostrobothnia,Total,7-8 Master's or equivalent level or doctoral or equivalent level,3722
1995,MK14 South Ostrobothnia,Employed,Total,71938
1995,MK14 South Ostrobothnia,Employed,7-8 Master's or equivalent level or doctoral or equivalent level,3086
1995,MK14 South Ostrobothnia,Unemployed,Total,18195
1995,MK14 South Ostrobothnia,Unemployed,7-8 Master's or equivalent level or doctoral or equivalent level,147
1995,MK15 Ostrobothnia,Total,Total,168888
1995,MK15 Ostrobothnia,Total,7-8 Master's or equivalent level or doctoral or equivalent level,5074
1995,MK15 Ostrobothnia,Employed,Total,64718
1995,MK15 Ostrobothnia,Employed,7-8 Master's or equivalent level or doctoral or equivalent level,4190
1995,MK15 Ostrobothnia,Unemployed,Total,11999
1995,MK15 Ostrobothnia,Unemployed,7-8 Master's or equivalent level or doctoral or equivalent level,159
1995,MK10 South Savo,Total,Total,162033
1995,MK10 South Savo,Total,7-8 Master's or equivalent level or doctoral or equivalent level,3771
1995,MK10 South Savo,Employed,Total,55346
1995,MK10 South Savo,Employed,7-8 Master's or equivalent level or doctoral or equivalent level,2935
1995,MK10 South Savo,Unemployed,Total,16933
1995,MK10 South Savo,Unemployed,7-8 Master's or equivalent level or doctoral or equivalent level,131
1995,MK11 North Savo,Total,Total,266308
1995,MK11 North Savo,Total,7-8 Master's or equivalent level or doctoral or equivalent level,7247
1995,MK11 North Savo,Employed,Total,90462
1995,MK11 North Savo,Employed,7-8 Master's or equivalent level or doctoral or equivalent level,5865
1995,MK11 North Savo,Unemployed,Total,26498
1995,MK11 North Savo,Unemployed,7-8 Master's or equivalent level or doctoral or equivalent level,245
1995,MK12 North Karelia,Total,Total,182336
1995,MK12 North Karelia,Total,7-8 Master's or equivalent level or doctoral or equivalent level,4652
1995,MK12 North Karelia,Employed,Total,59525
1995,MK12 North Karelia,Employed,7-8 Master's or equivalent level or doctoral or equivalent level,3652
1995,MK12 North Karelia,Unemployed,Total,19899
1995,MK12 North Karelia,Unemployed,7-8 Master's or equivalent level or doctoral or equivalent level,265
1995,MK16 Central Ostrobothnia,Total,Total,69539
1995,MK16 Central Ostrobothnia,Total,7-8 Master's or equivalent level or doctoral or equivalent level,1394
1995,MK16 Central Ostrobothnia,Employed,Total,24314
1995,MK16 Central Ostrobothnia,Employed,7-8 Master's or equivalent level or doctoral or equivalent level,1185
1995,MK16 Central Ostrobothnia,Unemployed,Total,6269
1995,MK16 Central Ostrobothnia,Unemployed,7-8 Master's or equivalent level or doctoral or equivalent level,49
1995,MK17 North Ostrobothnia,Total,Total,364443
1995,MK17 North Ostrobothnia,Total,7-8 Master's or equivalent level or doctoral or equivalent level,11461
1995,MK17 North Ostrobothnia,Employed,Total,126389
1995,MK17 North Ostrobothnia,Employed,7-8 Master's or equivalent level or doctoral or equivalent level,9515
1995,MK17 North Ostrobothnia,Unemployed,Total,34572
1995,MK17 North Ostrobothnia,Unemployed,7-8 Master's or equivalent level or doctoral or equivalent level,480
1995,MK18 Kainuu,Total,Total,90781
1995,MK18 Kainuu,Total,7-8 Master's or equivalent level or doctoral or equivalent level,1943
1995,MK18 Kainuu,Employed,Total,29033
1995,MK18 Kainuu,Employed,7-8 Master's or equivalent level or doctoral or equivalent level,1627
1995,MK18 Kainuu,Unemployed,Total,10843
1995,MK18 Kainuu,Unemployed,7-8 Master's or equivalent level or doctoral or equivalent level,66
1995,MK19 Lapland,Total,Total,201411
1995,MK19 Lapland,Total,7-8 Master's or equivalent level or doctoral or equivalent level,4689
1995,MK19 Lapland,Employed,Total,65854
1995,MK19 Lapland,Employed,7-8 Master's or equivalent level or doctoral or equivalent level,3891
1995,MK19 Lapland,Unemployed,Total,25599
1995,MK19 Lapland,Unemployed,7-8 Master's or equivalent level or doctoral or equivalent level,169
1995,MK21 Åland,Total,Total,25202
1995,MK21 Åland,Total,7-8 Master's or equivalent level or doctoral or equivalent level,611
1995,MK21 Åland,Employed,Total,11494
1995,MK21 Åland,Employed,7-8 Master's or equivalent level or doctoral or equivalent level,486
1995,MK21 Åland,Unemployed,Total,877
1995,MK21 Åland,Unemployed,7-8 Master's or equivalent level or doctoral or equivalent level,4
1996,MK01 Uusimaa,Total,Total,1327243
1996,MK01 Uusimaa,Total,7-8 Master's or equivalent level or doctoral or equivalent level,98020
1996,MK01 Uusimaa,Employed,Total,578970
1996,MK01 Uusimaa,Employed,7-8 Master's or equivalent level or doctoral or equivalent level,75741
1996,MK01 Uusimaa,Unemployed,Total,101673
1996,MK01 Uusimaa,Unemployed,7-8 Master's or equivalent level or doctoral or equivalent level,4270
1996,MK02 Southwest Finland,Total,Total,437491
1996,MK02 Southwest Finland,Total,7-8 Master's or equivalent level or doctoral or equivalent level,18437
1996,MK02 Southwest Finland,Employed,Total,174107
1996,MK02 Southwest Finland,Employed,7-8 Master's or equivalent level or doctoral or equivalent level,14246
1996,MK02 Southwest Finland,Unemployed,Total,34214
1996,MK02 Southwest Finland,Unemployed,7-8 Master's or equivalent level or doctoral or equivalent level,841
1996,MK05 Kanta-Häme,Total,Total,164892
1996,MK05 Kanta-Häme,Total,7-8 Master's or equivalent level or doctoral or equivalent level,4981
1996,MK05 Kanta-Häme,Employed,Total,62285
1996,MK05 Kanta-Häme,Employed,7-8 Master's or equivalent level or doctoral or equivalent level,3872
1996,MK05 Kanta-Häme,Unemployed,Total,15122
1996,MK05 Kanta-Häme,Unemployed,7-8 Master's or equivalent level or doctoral or equivalent level,157
1996,MK07 Päijät-Häme,Total,Total,205394
1996,MK07 Päijät-Häme,Total,7-8 Master's or equivalent level or doctoral or equivalent level,5108
1996,MK07 Päijät-Häme,Employed,Total,75744
1996,MK07 Päijät-Häme,Employed,7-8 Master's or equivalent level or doctoral or equivalent level,4021
1996,MK07 Päijät-Häme,Unemployed,Total,22277
1996,MK07 Päijät-Häme,Unemployed,7-8 Master's or equivalent level or doctoral or equivalent level,146
1996,MK08 Kymenlaakso,Total,Total,183819
1996,MK08 Kymenlaakso,Total,7-8 Master's or equivalent level or doctoral or equivalent level,4567
1996,MK08 Kymenlaakso,Employed,Total,68459
1996,MK08 Kymenlaakso,Employed,7-8 Master's or equivalent level or doctoral or equivalent level,3592
1996,MK08 Kymenlaakso,Unemployed,Total,17535
1996,MK08 Kymenlaakso,Unemployed,7-8 Master's or equivalent level or doctoral or equivalent level,149
1996,MK09 South Karelia,Total,Total,138163
1996,MK09 South Karelia,Total,7-8 Master's or equivalent level or doctoral or equivalent level,3556
1996,MK09 South Karelia,Employed,Total,49334
1996,MK09 South Karelia,Employed,7-8 Master's or equivalent level or doctoral or equivalent level,2855
1996,MK09 South Karelia,Unemployed,Total,14588
1996,MK09 South Karelia,Unemployed,7-8 Master's or equivalent level or doctoral or equivalent level,126
1996,MK04 Satakunta,Total,Total,238057
1996,MK04 Satakunta,Total,7-8 Master's or equivalent level or doctoral or equivalent level,5592
1996,MK04 Satakunta,Employed,Total,86142
1996,MK04 Satakunta,Employed,7-8 Master's or equivalent level or doctoral or equivalent level,4574
1996,MK04 Satakunta,Unemployed,Total,23882
1996,MK04 Satakunta,Unemployed,7-8 Master's or equivalent level or doctoral or equivalent level,196
1996,MK06 Pirkanmaa,Total,Total,443065
1996,MK06 Pirkanmaa,Total,7-8 Master's or equivalent level or doctoral or equivalent level,17450
1996,MK06 Pirkanmaa,Employed,Total,167713
1996,MK06 Pirkanmaa,Employed,7-8 Master's or equivalent level or doctoral or equivalent level,13753
1996,MK06 Pirkanmaa,Unemployed,Total,42657
1996,MK06 Pirkanmaa,Unemployed,7-8 Master's or equivalent level or doctoral or equivalent level,944
1996,MK13 Central Finland,Total,Total,260835
1996,MK13 Central Finland,Total,7-8 Master's or equivalent level or doctoral or equivalent level,9138
1996,MK13 Central Finland,Employed,Total,92118
1996,MK13 Central Finland,Employed,7-8 Master's or equivalent level or doctoral or equivalent level,7399
1996,MK13 Central Finland,Unemployed,Total,26534
1996,MK13 Central Finland,Unemployed,7-8 Master's or equivalent level or doctoral or equivalent level,438
1996,MK14 South Ostrobothnia,Total,Total,205108
1996,MK14 South Ostrobothnia,Total,7-8 Master's or equivalent level or doctoral or equivalent level,3828
1996,MK14 South Ostrobothnia,Employed,Total,72578
1996,MK14 South Ostrobothnia,Employed,7-8 Master's or equivalent level or doctoral or equivalent level,3217
1996,MK14 South Ostrobothnia,Unemployed,Total,16902
1996,MK14 South Ostrobothnia,Unemployed,7-8 Master's or equivalent level or doctoral or equivalent level,108
1996,MK15 Ostrobothnia,Total,Total,169019
1996,MK15 Ostrobothnia,Total,7-8 Master's or equivalent level or doctoral or equivalent level,5375
1996,MK15 Ostrobothnia,Employed,Total,66322
1996,MK15 Ostrobothnia,Employed,7-8 Master's or equivalent level or doctoral or equivalent level,4469
1996,MK15 Ostrobothnia,Unemployed,Total,11071
1996,MK15 Ostrobothnia,Unemployed,7-8 Master's or equivalent level or doctoral or equivalent level,189
1996,MK10 South Savo,Total,Total,161128
1996,MK10 South Savo,Total,7-8 Master's or equivalent level or doctoral or equivalent level,3913
1996,MK10 South Savo,Employed,Total,54966
1996,MK10 South Savo,Employed,7-8 Master's or equivalent level or doctoral or equivalent level,3060
1996,MK10 South Savo,Unemployed,Total,16912
1996,MK10 South Savo,Unemployed,7-8 Master's or equivalent level or doctoral or equivalent level,152
1996,MK11 North Savo,Total,Total,265644
1996,MK11 North Savo,Total,7-8 Master's or equivalent level or doctoral or equivalent level,7563
1996,MK11 North Savo,Employed,Total,90805
1996,MK11 North Savo,Employed,7-8 Master's or equivalent level or doctoral or equivalent level,6189
1996,MK11 North Savo,Unemployed,Total,26332
1996,MK11 North Savo,Unemployed,7-8 Master's or equivalent level or doctoral or equivalent level,276
1996,MK12 North Karelia,Total,Total,181160
1996,MK12 North Karelia,Total,7-8 Master's or equivalent level or doctoral or equivalent level,4836
1996,MK12 North Karelia,Employed,Total,58697
1996,MK12 North Karelia,Employed,7-8 Master's or equivalent level or doctoral or equivalent level,3836
1996,MK12 North Karelia,Unemployed,Total,20503
1996,MK12 North Karelia,Unemployed,7-8 Master's or equivalent level or doctoral or equivalent level,275
1996,MK16 Central Ostrobothnia,Total,Total,69213
1996,MK16 Central Ostrobothnia,Total,7-8 Master's or equivalent level or doctoral or equivalent level,1454
1996,MK16 Central Ostrobothnia,Employed,Total,24468
1996,MK16 Central Ostrobothnia,Employed,7-8 Master's or equivalent level or doctoral or equivalent level,1225
1996,MK16 Central Ostrobothnia,Unemployed,Total,5978
1996,MK16 Central Ostrobothnia,Unemployed,7-8 Master's or equivalent level or doctoral or equivalent level,43
1996,MK17 North Ostrobothnia,Total,Total,366218
1996,MK17 North Ostrobothnia,Total,7-8 Master's or equivalent level or doctoral or equivalent level,12092
1996,MK17 North Ostrobothnia,Employed,Total,128605
1996,MK17 North Ostrobothnia,Employed,7-8 Master's or equivalent level or doctoral or equivalent level,10163
1996,MK17 North Ostrobothnia,Unemployed,Total,34089
1996,MK17 North Ostrobothnia,Unemployed,7-8 Master's or equivalent level or doctoral or equivalent level,505
1996,MK18 Kainuu,Total,Total,90035
1996,MK18 Kainuu,Total,7-8 Master's or equivalent level or doctoral or equivalent level,2000
1996,MK18 Kainuu,Employed,Total,28156
1996,MK18 Kainuu,Employed,7-8 Master's or equivalent level or doctoral or equivalent level,1673
1996,MK18 Kainuu,Unemployed,Total,11546
1996,MK18 Kainuu,Unemployed,7-8 Master's or equivalent level or doctoral or equivalent level,84
1996,MK19 Lapland,Total,Total,200579
1996,MK19 Lapland,Total,7-8 Master's or equivalent level or doctoral or equivalent level,4840
1996,MK19 Lapland,Employed,Total,66023
1996,MK19 Lapland,Employed,7-8 Master's or equivalent level or doctoral or equivalent level,4036
1996,MK19 Lapland,Unemployed,Total,25199
1996,MK19 Lapland,Unemployed,7-8 Master's or equivalent level or doctoral or equivalent level,187
1996,MK21 Åland,Total,Total,25257
1996,MK21 Åland,Total,7-8 Master's or equivalent level or doctoral or equivalent level,642
1996,MK21 Åland,Employed,Total,11652
1996,MK21 Åland,Employed,7-8 Master's or equivalent level or doctoral or equivalent level,502
1996,MK21 Åland,Unemployed,Total,844
1996,MK21 Åland,Unemployed,7-8 Master's or equivalent level or doctoral or equivalent level,9
1997,MK01 Uusimaa,Total,Total,1344989
1997,MK01 Uusimaa,Total,7-8 Master's or equivalent level or doctoral or equivalent level,102763
1997,MK01 Uusimaa,Employed,Total,610197
1997,MK01 Uusimaa,Employed,7-8 Master's or equivalent level or doctoral or equivalent level,80673
1997,MK01 Uusimaa,Unemployed,Total,85110
1997,MK01 Uusimaa,Unemployed,7-8 Master's or equivalent level or doctoral or equivalent level,3693
1997,MK02 Southwest Finland,Total,Total,439973
1997,MK02 Southwest Finland,Total,7-8 Master's or equivalent level or doctoral or equivalent level,19285
1997,MK02 Southwest Finland,Employed,Total,182112
1997,MK02 Southwest Finland,Employed,7-8 Master's or equivalent level or doctoral or equivalent level,15088
1997,MK02 Southwest Finland,Unemployed,Total,29801
1997,MK02 Southwest Finland,Unemployed,7-8 Master's or equivalent level or doctoral or equivalent level,783
1997,MK05 Kanta-Häme,Total,Total,165026
1997,MK05 Kanta-Häme,Total,7-8 Master's or equivalent level or doctoral or equivalent level,5156
1997,MK05 Kanta-Häme,Employed,Total,64784
1997,MK05 Kanta-Häme,Employed,7-8 Master's or equivalent level or doctoral or equivalent level,4026
1997,MK05 Kanta-Häme,Unemployed,Total,12939
1997,MK05 Kanta-Häme,Unemployed,7-8 Master's or equivalent level or doctoral or equivalent level,154
1997,MK07 Päijät-Häme,Total,Total,205338
1997,MK07 Päijät-Häme,Total,7-8 Master's or equivalent level or doctoral or equivalent level,5281
1997,MK07 Päijät-Häme,Employed,Total,79168
1997,MK07 Päijät-Häme,Employed,7-8 Master's or equivalent level or doctoral or equivalent level,4171
1997,MK07 Päijät-Häme,Unemployed,Total,19011
1997,MK07 Päijät-Häme,Unemployed,7-8 Master's or equivalent level or doctoral or equivalent level,147
1997,MK08 Kymenlaakso,Total,Total,182942
1997,MK08 Kymenlaakso,Total,7-8 Master's or equivalent level or doctoral or equivalent level,4704
1997,MK08 Kymenlaakso,Employed,Total,69860
1997,MK08 Kymenlaakso,Employed,7-8 Master's or equivalent level or doctoral or equivalent level,3727
1997,MK08 Kymenlaakso,Unemployed,Total,15838
1997,MK08 Kymenlaakso,Unemployed,7-8 Master's or equivalent level or doctoral or equivalent level,128
1997,MK09 South Karelia,Total,Total,137944
1997,MK09 South Karelia,Total,7-8 Master's or equivalent level or doctoral or equivalent level,3744
1997,MK09 South Karelia,Employed,Total,50526
1997,MK09 South Karelia,Employed,7-8 Master's or equivalent level or doctoral or equivalent level,3001
1997,MK09 South Karelia,Unemployed,Total,12986
1997,MK09 South Karelia,Unemployed,7-8 Master's or equivalent level or doctoral or equivalent level,138
1997,MK04 Satakunta,Total,Total,236818
1997,MK04 Satakunta,Total,7-8 Master's or equivalent level or doctoral or equivalent level,5792
1997,MK04 Satakunta,Employed,Total,89003
1997,MK04 Satakunta,Employed,7-8 Master's or equivalent level or doctoral or equivalent level,4787
1997,MK04 Satakunta,Unemployed,Total,20976
1997,MK04 Satakunta,Unemployed,7-8 Master's or equivalent level or doctoral or equivalent level,166
1997,MK06 Pirkanmaa,Total,Total,445536
1997,MK06 Pirkanmaa,Total,7-8 Master's or equivalent level or doctoral or equivalent level,18354
1997,MK06 Pirkanmaa,Employed,Total,175362
1997,MK06 Pirkanmaa,Employed,7-8 Master's or equivalent level or doctoral or equivalent level,14670
1997,MK06 Pirkanmaa,Unemployed,Total,36914
1997,MK06 Pirkanmaa,Unemployed,7-8 Master's or equivalent level or doctoral or equivalent level,796
1997,MK13 Central Finland,Total,Total,261559
1997,MK13 Central Finland,Total,7-8 Master's or equivalent level or doctoral or equivalent level,9577
1997,MK13 Central Finland,Employed,Total,95131
1997,MK13 Central Finland,Employed,7-8 Master's or equivalent level or doctoral or equivalent level,7769
1997,MK13 Central Finland,Unemployed,Total,24169
1997,MK13 Central Finland,Unemployed,7-8 Master's or equivalent level or doctoral or equivalent level,419
1997,MK14 South Ostrobothnia,Total,Total,203907
1997,MK14 South Ostrobothnia,Total,7-8 Master's or equivalent level or doctoral or equivalent level,3985
1997,MK14 South Ostrobothnia,Employed,Total,75388
1997,MK14 South Ostrobothnia,Employed,7-8 Master's or equivalent level or doctoral or equivalent level,3381
1997,MK14 South Ostrobothnia,Unemployed,Total,13902
1997,MK14 South Ostrobothnia,Unemployed,7-8 Master's or equivalent level or doctoral or equivalent level,98
1997,MK15 Ostrobothnia,Total,Total,168964
1997,MK15 Ostrobothnia,Total,7-8 Master's or equivalent level or doctoral or equivalent level,5607
1997,MK15 Ostrobothnia,Employed,Total,68438
1997,MK15 Ostrobothnia,Employed,7-8 Master's or equivalent level or doctoral or equivalent level,4734
1997,MK15 Ostrobothnia,Unemployed,Total,9662
1997,MK15 Ostrobothnia,Unemployed,7-8 Master's or equivalent level or doctoral or equivalent level,138
1997,MK10 South Savo,Total,Total,160077
1997,MK10 South Savo,Total,7-8 Master's or equivalent level or doctoral or equivalent level,4025
1997,MK10 South Savo,Employed,Total,56265
1997,MK10 South Savo,Employed,7-8 Master's or equivalent level or doctoral or equivalent level,3197
1997,MK10 South Savo,Unemployed,Total,14796
1997,MK10 South Savo,Unemployed,7-8 Master's or equivalent level or doctoral or equivalent level,124
1997,MK11 North Savo,Total,Total,264578
1997,MK11 North Savo,Total,7-8 Master's or equivalent level or doctoral or equivalent level,7830
1997,MK11 North Savo,Employed,Total,93349
1997,MK11 North Savo,Employed,7-8 Master's or equivalent level or doctoral or equivalent level,6476
1997,MK11 North Savo,Unemployed,Total,23349
1997,MK11 North Savo,Unemployed,7-8 Master's or equivalent level or doctoral or equivalent level,233
1997,MK12 North Karelia,Total,Total,179977
1997,MK12 North Karelia,Total,7-8 Master's or equivalent level or doctoral or equivalent level,5023
1997,MK12 North Karelia,Employed,Total,60104
1997,MK12 North Karelia,Employed,7-8 Master's or equivalent level or doctoral or equivalent level,3969
1997,MK12 North Karelia,Unemployed,Total,18471
1997,MK12 North Karelia,Unemployed,7-8 Master's or equivalent level or doctoral or equivalent level,287
1997,MK16 Central Ostrobothnia,Total,Total,69021
1997,MK16 Central Ostrobothnia,Total,7-8 Master's or equivalent level or doctoral or equivalent level,1518
1997,MK16 Central Ostrobothnia,Employed,Total,25195
1997,MK16 Central Ostrobothnia,Employed,7-8 Master's or equivalent level or doctoral or equivalent level,1303
1997,MK16 Central Ostrobothnia,Unemployed,Total,5397
1997,MK16 Central Ostrobothnia,Unemployed,7-8 Master's or equivalent level or doctoral or equivalent level,40
1997,MK17 North Ostrobothnia,Total,Total,367361
1997,MK17 North Ostrobothnia,Total,7-8 Master's or equivalent level or doctoral or equivalent level,12712
1997,MK17 North Ostrobothnia,Employed,Total,134292
1997,MK17 North Ostrobothnia,Employed,7-8 Master's or equivalent level or doctoral or equivalent level,10804
1997,MK17 North Ostrobothnia,Unemployed,Total,30128
1997,MK17 North Ostrobothnia,Unemployed,7-8 Master's or equivalent level or doctoral or equivalent level,467
1997,MK18 Kainuu,Total,Total,88896
1997,MK18 Kainuu,Total,7-8 Master's or equivalent level or doctoral or equivalent level,2045
1997,MK18 Kainuu,Employed,Total,29126
1997,MK18 Kainuu,Employed,7-8 Master's or equivalent level or doctoral or equivalent level,1733
1997,MK18 Kainuu,Unemployed,Total,9748
1997,MK18 Kainuu,Unemployed,7-8 Master's or equivalent level or doctoral or equivalent level,74
1997,MK19 Lapland,Total,Total,199051
1997,MK19 Lapland,Total,7-8 Master's or equivalent level or doctoral or equivalent level,4968
1997,MK19 Lapland,Employed,Total,67663
1997,MK19 Lapland,Employed,7-8 Master's or equivalent level or doctoral or equivalent level,4159
1997,MK19 Lapland,Unemployed,Total,22745
1997,MK19 Lapland,Unemployed,7-8 Master's or equivalent level or doctoral or equivalent level,179
1997,MK21 Åland,Total,Total,25392
1997,MK21 Åland,Total,7-8 Master's or equivalent level or doctoral or equivalent level,678
1997,MK21 Åland,Employed,Total,12034
1997,MK21 Åland,Employed,7-8 Master's or equivalent level or doctoral or equivalent level,546
1997,MK21 Åland,Unemployed,Total,561
1997,MK21 Åland,Unemployed,7-8 Master's or equivalent level or doctoral or equivalent level,10
1998,MK01 Uusimaa,Total,Total,1362634
1998,MK01 Uusimaa,Total,7-8 Master's or equivalent level or doctoral or equivalent level,107821
1998,MK01 Uusimaa,Employed,Total,651450
1998,MK01 Uusimaa,Employed,7-8 Master's or equivalent level or doctoral or equivalent level,85943
1998,MK01 Uusimaa,Unemployed,Total,71892
1998,MK01 Uusimaa,Unemployed,7-8 Master's or equivalent level or doctoral or equivalent level,3219
1998,MK02 Southwest Finland,Total,Total,443050
1998,MK02 Southwest Finland,Total,7-8 Master's or equivalent level or doctoral or equivalent level,20093
1998,MK02 Southwest Finland,Employed,Total,189900
1998,MK02 Southwest Finland,Employed,7-8 Master's or equivalent level or doctoral or equivalent level,15853
1998,MK02 Southwest Finland,Unemployed,Total,28435
1998,MK02 Southwest Finland,Unemployed,7-8 Master's or equivalent level or doctoral or equivalent level,777
1998,MK05 Kanta-Häme,Total,Total,164914
1998,MK05 Kanta-Häme,Total,7-8 Master's or equivalent level or doctoral or equivalent level,5320
1998,MK05 Kanta-Häme,Employed,Total,67490
1998,MK05 Kanta-Häme,Employed,7-8 Master's or equivalent level or doctoral or equivalent level,4225
1998,MK05 Kanta-Häme,Unemployed,Total,11817
1998,MK05 Kanta-Häme,Unemployed,7-8 Master's or equivalent level or doctoral or equivalent level,130
1998,MK07 Päijät-Häme,Total,Total,205030
1998,MK07 Päijät-Häme,Total,7-8 Master's or equivalent level or doctoral or equivalent level,5485
1998,MK07 Päijät-Häme,Employed,Total,82058
1998,MK07 Päijät-Häme,Employed,7-8 Master's or equivalent level or doctoral or equivalent level,4366
1998,MK07 Päijät-Häme,Unemployed,Total,17805
1998,MK07 Päijät-Häme,Unemployed,7-8 Master's or equivalent level or doctoral or equivalent level,137
1998,MK08 Kymenlaakso,Total,Total,182215
1998,MK08 Kymenlaakso,Total,7-8 Master's or equivalent level or doctoral or equivalent level,4832
1998,MK08 Kymenlaakso,Employed,Total,71430
1998,MK08 Kymenlaakso,Employed,7-8 Master's or equivalent level or doctoral or equivalent level,3833
1998,MK08 Kymenlaakso,Unemployed,Total,14969
1998,MK08 Kymenlaakso,Unemployed,7-8 Master's or equivalent level or doctoral or equivalent level,122
1998,MK09 South Karelia,Total,Total,137238
1998,MK09 South Karelia,Total,7-8 Master's or equivalent level or doctoral or equivalent level,3857
1998,MK09 South Karelia,Employed,Total,52092
1998,MK09 South Karelia,Employed,7-8 Master's or equivalent level or doctoral or equivalent level,3127
1998,MK09 South Karelia,Unemployed,Total,12239
1998,MK09 South Karelia,Unemployed,7-8 Master's or equivalent level or doctoral or equivalent level,129
1998,MK04 Satakunta,Total,Total,235662
1998,MK04 Satakunta,Total,7-8 Master's or equivalent level or doctoral or equivalent level,5992
1998,MK04 Satakunta,Employed,Total,91877
1998,MK04 Satakunta,Employed,7-8 Master's or equivalent level or doctoral or equivalent level,4947
1998,MK04 Satakunta,Unemployed,Total,19960
1998,MK04 Satakunta,Unemployed,7-8 Master's or equivalent level or doctoral or equivalent level,172
1998,MK06 Pirkanmaa,Total,Total,448045
1998,MK06 Pirkanmaa,Total,7-8 Master's or equivalent level or doctoral or equivalent level,19387
1998,MK06 Pirkanmaa,Employed,Total,184930
1998,MK06 Pirkanmaa,Employed,7-8 Master's or equivalent level or doctoral or equivalent level,15708
1998,MK06 Pirkanmaa,Unemployed,Total,33614
1998,MK06 Pirkanmaa,Unemployed,7-8 Master's or equivalent level or doctoral or equivalent level,755
1998,MK13 Central Finland,Total,Total,261754
1998,MK13 Central Finland,Total,7-8 Master's or equivalent level or doctoral or equivalent level,10094
1998,MK13 Central Finland,Employed,Total,99187
1998,MK13 Central Finland,Employed,7-8 Master's or equivalent level or doctoral or equivalent level,8198
1998,MK13 Central Finland,Unemployed,Total,22908
1998,MK13 Central Finland,Unemployed,7-8 Master's or equivalent level or doctoral or equivalent level,412
1998,MK14 South Ostrobothnia,Total,Total,202935
1998,MK14 South Ostrobothnia,Total,7-8 Master's or equivalent level or doctoral or equivalent level,4179
1998,MK14 South Ostrobothnia,Employed,Total,78418
1998,MK14 South Ostrobothnia,Employed,7-8 Master's or equivalent level or doctoral or equivalent level,3562
1998,MK14 South Ostrobothnia,Unemployed,Total,12826
1998,MK14 South Ostrobothnia,Unemployed,7-8 Master's or equivalent level or doctoral or equivalent level,92
1998,MK15 Ostrobothnia,Total,Total,168867
1998,MK15 Ostrobothnia,Total,7-8 Master's or equivalent level or doctoral or equivalent level,5871
1998,MK15 Ostrobothnia,Employed,Total,71110
1998,MK15 Ostrobothnia,Employed,7-8 Master's or equivalent level or doctoral or equivalent level,4973
1998,MK15 Ostrobothnia,Unemployed,Total,8895
1998,MK15 Ostrobothnia,Unemployed,7-8 Master's or equivalent level or doctoral or equivalent level,168
1998,MK10 South Savo,Total,Total,158725
1998,MK10 South Savo,Total,7-8 Master's or equivalent level or doctoral or equivalent level,4134
1998,MK10 South Savo,Employed,Total,57888
1998,MK10 South Savo,Employed,7-8 Master's or equivalent level or doctoral or equivalent level,3293
1998,MK10 South Savo,Unemployed,Total,13943
1998,MK10 South Savo,Unemployed,7-8 Master's or equivalent level or doctoral or equivalent level,122
1998,MK11 North Savo,Total,Total,262946
1998,MK11 North Savo,Total,7-8 Master's or equivalent level or doctoral or equivalent level,8090
1998,MK11 North Savo,Employed,Total,96295
1998,MK11 North Savo,Employed,7-8 Master's or equivalent level or doctoral or equivalent level,6695
1998,MK11 North Savo,Unemployed,Total,21648
1998,MK11 North Savo,Unemployed,7-8 Master's or equivalent level or doctoral or equivalent level,227
1998,MK12 North Karelia,Total,Total,178441
1998,MK12 North Karelia,Total,7-8 Master's or equivalent level or doctoral or equivalent level,5144
1998,MK12 North Karelia,Employed,Total,61608
1998,MK12 North Karelia,Employed,7-8 Master's or equivalent level or doctoral or equivalent level,4111
1998,MK12 North Karelia,Unemployed,Total,17564
1998,MK12 North Karelia,Unemployed,7-8 Master's or equivalent level or doctoral or equivalent level,260
1998,MK16 Central Ostrobothnia,Total,Total,68773
1998,MK16 Central Ostrobothnia,Total,7-8 Master's or equivalent level or doctoral or equivalent level,1556
1998,MK16 Central Ostrobothnia,Employed,Total,26325
1998,MK16 Central Ostrobothnia,Employed,7-8 Master's or equivalent level or doctoral or equivalent level,1344
1998,MK16 Central Ostrobothnia,Unemployed,Total,4889
1998,MK16 Central Ostrobothnia,Unemployed,7-8 Master's or equivalent level or doctoral or equivalent level,29
1998,MK17 North Ostrobothnia,Total,Total,368302
1998,MK17 North Ostrobothnia,Total,7-8 Master's or equivalent level or doctoral or equivalent level,13392
1998,MK17 North Ostrobothnia,Employed,Total,139045
1998,MK17 North Ostrobothnia,Employed,7-8 Master's or equivalent level or doctoral or equivalent level,11431
1998,MK17 North Ostrobothnia,Unemployed,Total,29142
1998,MK17 North Ostrobothnia,Unemployed,7-8 Master's or equivalent level or doctoral or equivalent level,492
1998,MK18 Kainuu,Total,Total,87843
1998,MK18 Kainuu,Total,7-8 Master's or equivalent level or doctoral or equivalent level,2100
1998,MK18 Kainuu,Employed,Total,30114
1998,MK18 Kainuu,Employed,7-8 Master's or equivalent level or doctoral or equivalent level,1776
1998,MK18 Kainuu,Unemployed,Total,9397
1998,MK18 Kainuu,Unemployed,7-8 Master's or equivalent level or doctoral or equivalent level,73
1998,MK19 Lapland,Total,Total,196647
1998,MK19 Lapland,Total,7-8 Master's or equivalent level or doctoral or equivalent level,5092
1998,MK19 Lapland,Employed,Total,68881
1998,MK19 Lapland,Employed,7-8 Master's or equivalent level or doctoral or equivalent level,4244
1998,MK19 Lapland,Unemployed,Total,21767
1998,MK19 Lapland,Unemployed,7-8 Master's or equivalent level or doctoral or equivalent level,177
1998,MK21 Åland,Total,Total,25625
1998,MK21 Åland,Total,7-8 Master's or equivalent level or doctoral or equivalent level,713
1998,MK21 Åland,Employed,Total,12606
1998,MK21 Åland,Employed,7-8 Master's or equivalent level or doctoral or equivalent level,581
1998,MK21 Åland,Unemployed,Total,407
1998,MK21 Åland,Unemployed,7-8 Master's or equivalent level or doctoral or equivalent level,9
1999,MK01 Uusimaa,Total,Total,1379712
1999,MK01 Uusimaa,Total,7-8 Master's or equivalent level or doctoral or equivalent level,113264
1999,MK01 Uusimaa,Employed,Total,673687
1999,MK01 Uusimaa,Employed,7-8 Master's or equivalent level or doctoral or equivalent level,90531
1999,MK01 Uusimaa,Unemployed,Total,65694
1999,MK01 Uusimaa,Unemployed,7-8 Master's or equivalent level or doctoral or equivalent level,3281
1999,MK02 Southwest Finland,Total,Total,445542
1999,MK02 Southwest Finland,Total,7-8 Master's or equivalent level or doctoral or equivalent level,21019
1999,MK02 Southwest Finland,Employed,Total,193145
1999,MK02 Southwest Finland,Employed,7-8 Master's or equivalent level or doctoral or equivalent level,16585
1999,MK02 Southwest Finland,Unemployed,Total,27519
1999,MK02 Southwest Finland,Unemployed,7-8 Master's or equivalent level or doctoral or equivalent level,850
1999,MK05 Kanta-Häme,Total,Total,165190
1999,MK05 Kanta-Häme,Total,7-8 Master's or equivalent level or doctoral or equivalent level,5515
1999,MK05 Kanta-Häme,Employed,Total,68534
1999,MK05 Kanta-Häme,Employed,7-8 Master's or equivalent level or doctoral or equivalent level,4335
1999,MK05 Kanta-Häme,Unemployed,Total,11008
1999,MK05 Kanta-Häme,Unemployed,7-8 Master's or equivalent level or doctoral or equivalent level,128
1999,MK07 Päijät-Häme,Total,Total,204858
1999,MK07 Päijät-Häme,Total,7-8 Master's or equivalent level or doctoral or equivalent level,5677
1999,MK07 Päijät-Häme,Employed,Total,83493
1999,MK07 Päijät-Häme,Employed,7-8 Master's or equivalent level or doctoral or equivalent level,4483
1999,MK07 Päijät-Häme,Unemployed,Total,16698
1999,MK07 Päijät-Häme,Unemployed,7-8 Master's or equivalent level or doctoral or equivalent level,143
1999,MK08 Kymenlaakso,Total,Total,181122
1999,MK08 Kymenlaakso,Total,7-8 Master's or equivalent level or doctoral or equivalent level,4879
1999,MK08 Kymenlaakso,Employed,Total,71722
1999,MK08 Kymenlaakso,Employed,7-8 Master's or equivalent level or doctoral or equivalent level,3847
1999,MK08 Kymenlaakso,Unemployed,Total,14543
1999,MK08 Kymenlaakso,Unemployed,7-8 Master's or equivalent level or doctoral or equivalent level,134
1999,MK09 South Karelia,Total,Total,136525
1999,MK09 South Karelia,Total,7-8 Master's or equivalent level or doctoral or equivalent level,3994
1999,MK09 South Karelia,Employed,Total,52392
1999,MK09 South Karelia,Employed,7-8 Master's or equivalent level or doctoral or equivalent level,3232
1999,MK09 South Karelia,Unemployed,Total,11506
1999,MK09 South Karelia,Unemployed,7-8 Master's or equivalent level or doctoral or equivalent level,134
1999,MK04 Satakunta,Total,Total,234233
1999,MK04 Satakunta,Total,7-8 Master's or equivalent level or doctoral or equivalent level,6161
1999,MK04 Satakunta,Employed,Total,91218
1999,MK04 Satakunta,Employed,7-8 Master's or equivalent level or doctoral or equivalent level,5085
1999,MK04 Satakunta,Unemployed,Total,19875
1999,MK04 Satakunta,Unemployed,7-8 Master's or equivalent level or doctoral or equivalent level,169
1999,MK06 Pirkanmaa,Total,Total,450548
1999,MK06 Pirkanmaa,Total,7-8 Master's or equivalent level or doctoral or equivalent level,20561
1999,MK06 Pirkanmaa,Employed,Total,188680
1999,MK06 Pirkanmaa,Employed,7-8 Master's or equivalent level or doctoral or equivalent level,16658
1999,MK06 Pirkanmaa,Unemployed,Total,32598
1999,MK06 Pirkanmaa,Unemployed,7-8 Master's or equivalent level or doctoral or equivalent level,834
1999,MK13 Central Finland,Total,Total,262106
1999,MK13 Central Finland,Total,7-8 Master's or equivalent level or doctoral or equivalent level,10547
1999,MK13 Central Finland,Employed,Total,101367
1999,MK13 Central Finland,Employed,7-8 Master's or equivalent level or doctoral or equivalent level,8556
1999,MK13 Central Finland,Unemployed,Total,21783
1999,MK13 Central Finland,Unemployed,7-8 Master's or equivalent level or doctoral or equivalent level,428
1999,MK14 South Ostrobothnia,Total,Total,202002
1999,MK14 South Ostrobothnia,Total,7-8 Master's or equivalent level or doctoral or equivalent level,4339
1999,MK14 South Ostrobothnia,Employed,Total,78565
1999,MK14 South Ostrobothnia,Employed,7-8 Master's or equivalent level or doctoral or equivalent level,3704
1999,MK14 South Ostrobothnia,Unemployed,Total,12511
1999,MK14 South Ostrobothnia,Unemployed,7-8 Master's or equivalent level or doctoral or equivalent level,97
1999,MK15 Ostrobothnia,Total,Total,168326
1999,MK15 Ostrobothnia,Total,7-8 Master's or equivalent level or doctoral or equivalent level,6038
1999,MK15 Ostrobothnia,Employed,Total,70908
1999,MK15 Ostrobothnia,Employed,7-8 Master's or equivalent level or doctoral or equivalent level,5118
1999,MK15 Ostrobothnia,Unemployed,Total,9057
1999,MK15 Ostrobothnia,Unemployed,7-8 Master's or equivalent level or doctoral or equivalent level,162
1999,MK10 South Savo,Total,Total,157334
1999,MK10 South Savo,Total,7-8 Master's or equivalent level or doctoral or equivalent level,4231
1999,MK10 South Savo,Employed,Total,58117
1999,MK10 South Savo,Employed,7-8 Master's or equivalent level or doctoral or equivalent level,3359
1999,MK10 South Savo,Unemployed,Total,12857
1999,MK10 South Savo,Unemployed,7-8 Master's or equivalent level or doctoral or equivalent level,126
1999,MK11 North Savo,Total,Total,261393
1999,MK11 North Savo,Total,7-8 Master's or equivalent level or doctoral or equivalent level,8323
1999,MK11 North Savo,Employed,Total,97191
1999,MK11 North Savo,Employed,7-8 Master's or equivalent level or doctoral or equivalent level,6890
1999,MK11 North Savo,Unemployed,Total,20793
1999,MK11 North Savo,Unemployed,7-8 Master's or equivalent level or doctoral or equivalent level,229
1999,MK12 North Karelia,Total,Total,177238
1999,MK12 North Karelia,Total,7-8 Master's or equivalent level or doctoral or equivalent level,5352
1999,MK12 North Karelia,Employed,Total,62675
1999,MK12 North Karelia,Employed,7-8 Master's or equivalent level or doctoral or equivalent level,4246
1999,MK12 North Karelia,Unemployed,Total,16248
1999,MK12 North Karelia,Unemployed,7-8 Master's or equivalent level or doctoral or equivalent level,222
1999,MK16 Central Ostrobothnia,Total,Total,68345
1999,MK16 Central Ostrobothnia,Total,7-8 Master's or equivalent level or doctoral or equivalent level,1615
1999,MK16 Central Ostrobothnia,Employed,Total,26552
1999,MK16 Central Ostrobothnia,Employed,7-8 Master's or equivalent level or doctoral or equivalent level,1398
1999,MK16 Central Ostrobothnia,Unemployed,Total,4713
1999,MK16 Central Ostrobothnia,Unemployed,7-8 Master's or equivalent level or doctoral or equivalent level,47
1999,MK17 North Ostrobothnia,Total,Total,369827
1999,MK17 North Ostrobothnia,Total,7-8 Master's or equivalent level or doctoral or equivalent level,14075
1999,MK17 North Ostrobothnia,Employed,Total,143432
1999,MK17 North Ostrobothnia,Employed,7-8 Master's or equivalent level or doctoral or equivalent level,12015
1999,MK17 North Ostrobothnia,Unemployed,Total,26755
1999,MK17 North Ostrobothnia,Unemployed,7-8 Master's or equivalent level or doctoral or equivalent level,512
1999,MK18 Kainuu,Total,Total,86943
1999,MK18 Kainuu,Total,7-8 Master's or equivalent level or doctoral or equivalent level,2153
1999,MK18 Kainuu,Employed,Total,30132
1999,MK18 Kainuu,Employed,7-8 Master's or equivalent level or doctoral or equivalent level,1824
1999,MK18 Kainuu,Unemployed,Total,8912
1999,MK18 Kainuu,Unemployed,7-8 Master's or equivalent level or doctoral or equivalent level,65
1999,MK19 Lapland,Total,Total,194352
1999,MK19 Lapland,Total,7-8 Master's or equivalent level or doctoral or equivalent level,5169
1999,MK19 Lapland,Employed,Total,69342
1999,MK19 Lapland,Employed,7-8 Master's or equivalent level or doctoral or equivalent level,4327
1999,MK19 Lapland,Unemployed,Total,20203
1999,MK19 Lapland,Unemployed,7-8 Master's or equivalent level or doctoral or equivalent level,158
1999,MK21 Åland,Total,Total,25706
1999,MK21 Åland,Total,7-8 Master's or equivalent level or doctoral or equivalent level,758
1999,MK21 Åland,Employed,Total,12733
1999,MK21 Åland,Employed,7-8 Master's or equivalent level or doctoral or equivalent level,616
1999,MK21 Åland,Unemployed,Total,313
1999,MK21 Åland,Unemployed,7-8 Master's or equivalent level or doctoral or equivalent level,9
2000,MK01 Uusimaa,Total,Total,1394199
2000,MK01 Uusimaa,Total,7-8 Master's or equivalent level or doctoral or equivalent level,118067
2000,MK01 Uusimaa,Employed,Total,696572
2000,MK01 Uusimaa,Employed,7-8 Master's or equivalent level or doctoral or equivalent level,95095
2000,MK01 Uusimaa,Unemployed,Total,56387
2000,MK01 Uusimaa,Unemployed,7-8 Master's or equivalent level or doctoral or equivalent level,2966
2000,MK02 Southwest Finland,Total,Total,447103
2000,MK02 Southwest Finland,Total,7-8 Master's or equivalent level or doctoral or equivalent level,21757
2000,MK02 Southwest Finland,Employed,Total,197908
2000,MK02 Southwest Finland,Employed,7-8 Master's or equivalent level or doctoral or equivalent level,17230
2000,MK02 Southwest Finland,Unemployed,Total,23675
2000,MK02 Southwest Finland,Unemployed,7-8 Master's or equivalent level or doctoral or equivalent level,770
2000,MK05 Kanta-Häme,Total,Total,165307
2000,MK05 Kanta-Häme,Total,7-8 Master's or equivalent level or doctoral or equivalent level,5700
2000,MK05 Kanta-Häme,Employed,Total,69799
2000,MK05 Kanta-Häme,Employed,7-8 Master's or equivalent level or doctoral or equivalent level,4492
2000,MK05 Kanta-Häme,Unemployed,Total,9977
2000,MK05 Kanta-Häme,Unemployed,7-8 Master's or equivalent level or doctoral or equivalent level,118
2000,MK07 Päijät-Häme,Total,Total,204912
2000,MK07 Päijät-Häme,Total,7-8 Master's or equivalent level or doctoral or equivalent level,5874
2000,MK07 Päijät-Häme,Employed,Total,85609
2000,MK07 Päijät-Häme,Employed,7-8 Master's or equivalent level or doctoral or equivalent level,4639
2000,MK07 Päijät-Häme,Unemployed,Total,15013
2000,MK07 Päijät-Häme,Unemployed,7-8 Master's or equivalent level or doctoral or equivalent level,149
2000,MK08 Kymenlaakso,Total,Total,179940
2000,MK08 Kymenlaakso,Total,7-8 Master's or equivalent level or doctoral or equivalent level,5045
2000,MK08 Kymenlaakso,Employed,Total,72286
2000,MK08 Kymenlaakso,Employed,7-8 Master's or equivalent level or doctoral or equivalent level,3919
2000,MK08 Kymenlaakso,Unemployed,Total,13668
2000,MK08 Kymenlaakso,Unemployed,7-8 Master's or equivalent level or doctoral or equivalent level,162
2000,MK09 South Karelia,Total,Total,136299
2000,MK09 South Karelia,Total,7-8 Master's or equivalent level or doctoral or equivalent level,4150
2000,MK09 South Karelia,Employed,Total,54156
2000,MK09 South Karelia,Employed,7-8 Master's or equivalent level or doctoral or equivalent level,3349
2000,MK09 South Karelia,Unemployed,Total,10027
2000,MK09 South Karelia,Unemployed,7-8 Master's or equivalent level or doctoral or equivalent level,141
2000,MK04 Satakunta,Total,Total,232569
2000,MK04 Satakunta,Total,7-8 Master's or equivalent level or doctoral or equivalent level,6314
2000,MK04 Satakunta,Employed,Total,93016
2000,MK04 Satakunta,Employed,7-8 Master's or equivalent level or doctoral or equivalent level,5191
2000,MK04 Satakunta,Unemployed,Total,17819
2000,MK04 Satakunta,Unemployed,7-8 Master's or equivalent level or doctoral or equivalent level,175
2000,MK06 Pirkanmaa,Total,Total,453319
2000,MK06 Pirkanmaa,Total,7-8 Master's or equivalent level or doctoral or equivalent level,21695
2000,MK06 Pirkanmaa,Employed,Total,194003
2000,MK06 Pirkanmaa,Employed,7-8 Master's or equivalent level or doctoral or equivalent level,17672
2000,MK06 Pirkanmaa,Unemployed,Total,29761
2000,MK06 Pirkanmaa,Unemployed,7-8 Master's or equivalent level or doctoral or equivalent level,825
2000,MK13 Central Finland,Total,Total,262710
2000,MK13 Central Finland,Total,7-8 Master's or equivalent level or doctoral or equivalent level,11049
2000,MK13 Central Finland,Employed,Total,104371
2000,MK13 Central Finland,Employed,7-8 Master's or equivalent level or doctoral or equivalent level,8959
2000,MK13 Central Finland,Unemployed,Total,19740
2000,MK13 Central Finland,Unemployed,7-8 Master's or equivalent level or doctoral or equivalent level,432
2000,MK14 South Ostrobothnia,Total,Total,200766
2000,MK14 South Ostrobothnia,Total,7-8 Master's or equivalent level or doctoral or equivalent level,4431
2000,MK14 South Ostrobothnia,Employed,Total,80224
2000,MK14 South Ostrobothnia,Employed,7-8 Master's or equivalent level or doctoral or equivalent level,3763
2000,MK14 South Ostrobothnia,Unemployed,Total,10772
2000,MK14 South Ostrobothnia,Unemployed,7-8 Master's or equivalent level or doctoral or equivalent level,101
2000,MK15 Ostrobothnia,Total,Total,168077
2000,MK15 Ostrobothnia,Total,7-8 Master's or equivalent level or doctoral or equivalent level,6259
2000,MK15 Ostrobothnia,Employed,Total,72700
2000,MK15 Ostrobothnia,Employed,7-8 Master's or equivalent level or doctoral or equivalent level,5299
2000,MK15 Ostrobothnia,Unemployed,Total,7619
2000,MK15 Ostrobothnia,Unemployed,7-8 Master's or equivalent level or doctoral or equivalent level,142
2000,MK10 South Savo,Total,Total,156117
2000,MK10 South Savo,Total,7-8 Master's or equivalent level or doctoral or equivalent level,4361
2000,MK10 South Savo,Employed,Total,58129
2000,MK10 South Savo,Employed,7-8 Master's or equivalent level or doctoral or equivalent level,3440
2000,MK10 South Savo,Unemployed,Total,12611
2000,MK10 South Savo,Unemployed,7-8 Master's or equivalent level or doctoral or equivalent level,123
2000,MK11 North Savo,Total,Total,259639
2000,MK11 North Savo,Total,7-8 Master's or equivalent level or doctoral or equivalent level,8598
2000,MK11 North Savo,Employed,Total,97612
2000,MK11 North Savo,Employed,7-8 Master's or equivalent level or doctoral or equivalent level,7127
2000,MK11 North Savo,Unemployed,Total,19857
2000,MK11 North Savo,Unemployed,7-8 Master's or equivalent level or doctoral or equivalent level,201
2000,MK12 North Karelia,Total,Total,176187
2000,MK12 North Karelia,Total,7-8 Master's or equivalent level or doctoral or equivalent level,5465
2000,MK12 North Karelia,Employed,Total,63639
2000,MK12 North Karelia,Employed,7-8 Master's or equivalent level or doctoral or equivalent level,4342
2000,MK12 North Karelia,Unemployed,Total,15020
2000,MK12 North Karelia,Unemployed,7-8 Master's or equivalent level or doctoral or equivalent level,258
2000,MK16 Central Ostrobothnia,Total,Total,68052
2000,MK16 Central Ostrobothnia,Total,7-8 Master's or equivalent level or doctoral or equivalent level,1641
2000,MK16 Central Ostrobothnia,Employed,Total,26917
2000,MK16 Central Ostrobothnia,Employed,7-8 Master's or equivalent level or doctoral or equivalent level,1406
2000,MK16 Central Ostrobothnia,Unemployed,Total,4440
2000,MK16 Central Ostrobothnia,Unemployed,7-8 Master's or equivalent level or doctoral or equivalent level,52
2000,MK17 North Ostrobothnia,Total,Total,372639
2000,MK17 North Ostrobothnia,Total,7-8 Master's or equivalent level or doctoral or equivalent level,14957
2000,MK17 North Ostrobothnia,Employed,Total,148942
2000,MK17 North Ostrobothnia,Employed,7-8 Master's or equivalent level or doctoral or equivalent level,12846
2000,MK17 North Ostrobothnia,Unemployed,Total,24333
2000,MK17 North Ostrobothnia,Unemployed,7-8 Master's or equivalent level or doctoral or equivalent level,478
2000,MK18 Kainuu,Total,Total,85736
2000,MK18 Kainuu,Total,7-8 Master's or equivalent level or doctoral or equivalent level,2179
2000,MK18 Kainuu,Employed,Total,30222
2000,MK18 Kainuu,Employed,7-8 Master's or equivalent level or doctoral or equivalent level,1835
2000,MK18 Kainuu,Unemployed,Total,8587
2000,MK18 Kainuu,Unemployed,7-8 Master's or equivalent level or doctoral or equivalent level,70
2000,MK19 Lapland,Total,Total,191768
2000,MK19 Lapland,Total,7-8 Master's or equivalent level or doctoral or equivalent level,5291
2000,MK19 Lapland,Employed,Total,69520
2000,MK19 Lapland,Employed,7-8 Master's or equivalent level or doctoral or equivalent level,4369
2000,MK19 Lapland,Unemployed,Total,18529
2000,MK19 Lapland,Unemployed,7-8 Master's or equivalent level or doctoral or equivalent level,189
2000,MK21 Åland,Total,Total,25776
2000,MK21 Åland,Total,7-8 Master's or equivalent level or doctoral or equivalent level,782
2000,MK21 Åland,Employed,Total,12932
2000,MK21 Åland,Employed,7-8 Master's or equivalent level or doctoral or equivalent level,636
2000,MK21 Åland,Unemployed,Total,269
2000,MK21 Åland,Unemployed,7-8 Master's or equivalent level or doctoral or equivalent level,6
2001,MK01 Uusimaa,Total,Total,1408525
2001,MK01 Uusimaa,Total,7-8 Master's or equivalent level or doctoral or equivalent level,122834
2001,MK01 Uusimaa,Employed,Total,703670
2001,MK01 Uusimaa,Employed,7-8 Master's or equivalent level or doctoral or equivalent level,98704
2001,MK01 Uusimaa,Unemployed,Total,57700
2001,MK01 Uusimaa,Unemployed,7-8 Master's or equivalent level or doctoral or equivalent level,3265
2001,MK02 Southwest Finland,Total,Total,449293
2001,MK02 Southwest Finland,Total,7-8 Master's or equivalent level or doctoral or equivalent level,22652
2001,MK02 Southwest Finland,Employed,Total,198317
2001,MK02 Southwest Finland,Employed,7-8 Master's or equivalent level or doctoral or equivalent level,17972
2001,MK02 Southwest Finland,Unemployed,Total,24311
2001,MK02 Southwest Finland,Unemployed,7-8 Master's or equivalent level or doctoral or equivalent level,790
2001,MK05 Kanta-Häme,Total,Total,165509
2001,MK05 Kanta-Häme,Total,7-8 Master's or equivalent level or doctoral or equivalent level,5863
2001,MK05 Kanta-Häme,Employed,Total,70458
2001,MK05 Kanta-Häme,Employed,7-8 Master's or equivalent level or doctoral or equivalent level,4637
2001,MK05 Kanta-Häme,Unemployed,Total,9302
2001,MK05 Kanta-Häme,Unemployed,7-8 Master's or equivalent level or doctoral or equivalent level,127
2001,MK07 Päijät-Häme,Total,Total,205071
2001,MK07 Päijät-Häme,Total,7-8 Master's or equivalent level or doctoral or equivalent level,6097
2001,MK07 Päijät-Häme,Employed,Total,85169
2001,MK07 Päijät-Häme,Employed,7-8 Master's or equivalent level or doctoral or equivalent level,4822
2001,MK07 Päijät-Häme,Unemployed,Total,14480
2001,MK07 Päijät-Häme,Unemployed,7-8 Master's or equivalent level or doctoral or equivalent level,154
2001,MK08 Kymenlaakso,Total,Total,179292
2001,MK08 Kymenlaakso,Total,7-8 Master's or equivalent level or doctoral or equivalent level,5156
2001,MK08 Kymenlaakso,Employed,Total,72409
2001,MK08 Kymenlaakso,Employed,7-8 Master's or equivalent level or doctoral or equivalent level,3998
2001,MK08 Kymenlaakso,Unemployed,Total,12594
2001,MK08 Kymenlaakso,Unemployed,7-8 Master's or equivalent level or doctoral or equivalent level,150
2001,MK09 South Karelia,Total,Total,136161
2001,MK09 South Karelia,Total,7-8 Master's or equivalent level or doctoral or equivalent level,4341
2001,MK09 South Karelia,Employed,Total,53608
2001,MK09 South Karelia,Employed,7-8 Master's or equivalent level or doctoral or equivalent level,3483
2001,MK09 South Karelia,Unemployed,Total,10251
2001,MK09 South Karelia,Unemployed,7-8 Master's or equivalent level or doctoral or equivalent level,150
2001,MK04 Satakunta,Total,Total,231307
2001,MK04 Satakunta,Total,7-8 Master's or equivalent level or doctoral or equivalent level,6470
2001,MK04 Satakunta,Employed,Total,92984
2001,MK04 Satakunta,Employed,7-8 Master's or equivalent level or doctoral or equivalent level,5316
2001,MK04 Satakunta,Unemployed,Total,17092
2001,MK04 Satakunta,Unemployed,7-8 Master's or equivalent level or doctoral or equivalent level,176
2001,MK06 Pirkanmaa,Total,Total,456934
2001,MK06 Pirkanmaa,Total,7-8 Master's or equivalent level or doctoral or equivalent level,22849
2001,MK06 Pirkanmaa,Employed,Total,195933
2001,MK06 Pirkanmaa,Employed,7-8 Master's or equivalent level or doctoral or equivalent level,18645
2001,MK06 Pirkanmaa,Unemployed,Total,29555
2001,MK06 Pirkanmaa,Unemployed,7-8 Master's or equivalent level or doctoral or equivalent level,807
2001,MK13 Central Finland,Total,Total,263574
2001,MK13 Central Finland,Total,7-8 Master's or equivalent level or doctoral or equivalent level,11578
2001,MK13 Central Finland,Employed,Total,104309
2001,MK13 Central Finland,Employed,7-8 Master's or equivalent level or doctoral or equivalent level,9369
2001,MK13 Central Finland,Unemployed,Total,19478
2001,MK13 Central Finland,Unemployed,7-8 Master's or equivalent level or doctoral or equivalent level,459
2001,MK14 South Ostrobothnia,Total,Total,199639
2001,MK14 South Ostrobothnia,Total,7-8 Master's or equivalent level or doctoral or equivalent level,4563
2001,MK14 South Ostrobothnia,Employed,Total,79288
2001,MK14 South Ostrobothnia,Employed,7-8 Master's or equivalent level or doctoral or equivalent level,3844
2001,MK14 South Ostrobothnia,Unemployed,Total,11102
2001,MK14 South Ostrobothnia,Unemployed,7-8 Master's or equivalent level or doctoral or equivalent level,96
2001,MK15 Ostrobothnia,Total,Total,167986
2001,MK15 Ostrobothnia,Total,7-8 Master's or equivalent level or doctoral or equivalent level,6455
2001,MK15 Ostrobothnia,Employed,Total,72953
2001,MK15 Ostrobothnia,Employed,7-8 Master's or equivalent level or doctoral or equivalent level,5449
2001,MK15 Ostrobothnia,Unemployed,Total,7355
2001,MK15 Ostrobothnia,Unemployed,7-8 Master's or equivalent level or doctoral or equivalent level,147
2001,MK10 South Savo,Total,Total,154978
2001,MK10 South Savo,Total,7-8 Master's or equivalent level or doctoral or equivalent level,4521
2001,MK10 South Savo,Employed,Total,58342
2001,MK10 South Savo,Employed,7-8 Master's or equivalent level or doctoral or equivalent level,3540
2001,MK10 South Savo,Unemployed,Total,11311
2001,MK10 South Savo,Unemployed,7-8 Master's or equivalent level or doctoral or equivalent level,116
2001,MK11 North Savo,Total,Total,258664
2001,MK11 North Savo,Total,7-8 Master's or equivalent level or doctoral or equivalent level,8954
2001,MK11 North Savo,Employed,Total,98122
2001,MK11 North Savo,Employed,7-8 Master's or equivalent level or doctoral or equivalent level,7378
2001,MK11 North Savo,Unemployed,Total,18705
2001,MK11 North Savo,Unemployed,7-8 Master's or equivalent level or doctoral or equivalent level,228
2001,MK12 North Karelia,Total,Total,175322
2001,MK12 North Karelia,Total,7-8 Master's or equivalent level or doctoral or equivalent level,5702
2001,MK12 North Karelia,Employed,Total,62979
2001,MK12 North Karelia,Employed,7-8 Master's or equivalent level or doctoral or equivalent level,4536
2001,MK12 North Karelia,Unemployed,Total,15054
2001,MK12 North Karelia,Unemployed,7-8 Master's or equivalent level or doctoral or equivalent level,228
2001,MK16 Central Ostrobothnia,Total,Total,67671
2001,MK16 Central Ostrobothnia,Total,7-8 Master's or equivalent level or doctoral or equivalent level,1716
2001,MK16 Central Ostrobothnia,Employed,Total,27067
2001,MK16 Central Ostrobothnia,Employed,7-8 Master's or equivalent level or doctoral or equivalent level,1478
2001,MK16 Central Ostrobothnia,Unemployed,Total,4077
2001,MK16 Central Ostrobothnia,Unemployed,7-8 Master's or equivalent level or doctoral or equivalent level,49
2001,MK17 North Ostrobothnia,Total,Total,375182
2001,MK17 North Ostrobothnia,Total,7-8 Master's or equivalent level or doctoral or equivalent level,15750
2001,MK17 North Ostrobothnia,Employed,Total,148504
2001,MK17 North Ostrobothnia,Employed,7-8 Master's or equivalent level or doctoral or equivalent level,13559
2001,MK17 North Ostrobothnia,Unemployed,Total,25313
2001,MK17 North Ostrobothnia,Unemployed,7-8 Master's or equivalent level or doctoral or equivalent level,453
2001,MK18 Kainuu,Total,Total,84497
2001,MK18 Kainuu,Total,7-8 Master's or equivalent level or doctoral or equivalent level,2252
2001,MK18 Kainuu,Employed,Total,29152
2001,MK18 Kainuu,Employed,7-8 Master's or equivalent level or doctoral or equivalent level,1876
2001,MK18 Kainuu,Unemployed,Total,8795
2001,MK18 Kainuu,Unemployed,7-8 Master's or equivalent level or doctoral or equivalent level,74
2001,MK19 Lapland,Total,Total,189288
2001,MK19 Lapland,Total,7-8 Master's or equivalent level or doctoral or equivalent level,5377
2001,MK19 Lapland,Employed,Total,68928
2001,MK19 Lapland,Employed,7-8 Master's or equivalent level or doctoral or equivalent level,4434
2001,MK19 Lapland,Unemployed,Total,18003
2001,MK19 Lapland,Unemployed,7-8 Master's or equivalent level or doctoral or equivalent level,189
2001,MK21 Åland,Total,Total,26008
2001,MK21 Åland,Total,7-8 Master's or equivalent level or doctoral or equivalent level,813
2001,MK21 Åland,Employed,Total,13125
2001,MK21 Åland,Employed,7-8 Master's or equivalent level or doctoral or equivalent level,656
2001,MK21 Åland,Unemployed,Total,263
2001,MK21 Åland,Unemployed,7-8 Master's or equivalent level or doctoral or equivalent level,7
2002,MK01 Uusimaa,Total,Total,1419938
2002,MK01 Uusimaa,Total,7-8 Master's or equivalent level or doctoral or equivalent level,127200
2002,MK01 Uusimaa,Employed,Total,702861
2002,MK01 Uusimaa,Employed,7-8 Master's or equivalent level or doctoral or equivalent level,101651
2002,MK01 Uusimaa,Unemployed,Total,59598
2002,MK01 Uusimaa,Unemployed,7-8 Master's or equivalent level or doctoral or equivalent level,3709
2002,MK02 Southwest Finland,Total,Total,450968
2002,MK02 Southwest Finland,Total,7-8 Master's or equivalent level or doctoral or equivalent level,23755
2002,MK02 Southwest Finland,Employed,Total,198472
2002,MK02 Southwest Finland,Employed,7-8 Master's or equivalent level or doctoral or equivalent level,18679
2002,MK02 Southwest Finland,Unemployed,Total,22985
2002,MK02 Southwest Finland,Unemployed,7-8 Master's or equivalent level or doctoral or equivalent level,802
2002,MK05 Kanta-Häme,Total,Total,165886
2002,MK05 Kanta-Häme,Total,7-8 Master's or equivalent level or doctoral or equivalent level,6077
2002,MK05 Kanta-Häme,Employed,Total,70987
2002,MK05 Kanta-Häme,Employed,7-8 Master's or equivalent level or doctoral or equivalent level,4777
2002,MK05 Kanta-Häme,Unemployed,Total,8820
2002,MK05 Kanta-Häme,Unemployed,7-8 Master's or equivalent level or doctoral or equivalent level,115
2002,MK07 Päijät-Häme,Total,Total,205464
2002,MK07 Päijät-Häme,Total,7-8 Master's or equivalent level or doctoral or equivalent level,6393
2002,MK07 Päijät-Häme,Employed,Total,85565
2002,MK07 Päijät-Häme,Employed,7-8 Master's or equivalent level or doctoral or equivalent level,4982
2002,MK07 Päijät-Häme,Unemployed,Total,13834
2002,MK07 Päijät-Häme,Unemployed,7-8 Master's or equivalent level or doctoral or equivalent level,158
2002,MK08 Kymenlaakso,Total,Total,178735
2002,MK08 Kymenlaakso,Total,7-8 Master's or equivalent level or doctoral or equivalent level,5291
2002,MK08 Kymenlaakso,Employed,Total,72390
2002,MK08 Kymenlaakso,Employed,7-8 Master's or equivalent level or doctoral or equivalent level,4081
2002,MK08 Kymenlaakso,Unemployed,Total,12053
2002,MK08 Kymenlaakso,Unemployed,7-8 Master's or equivalent level or doctoral or equivalent level,141
2002,MK09 South Karelia,Total,Total,135840
2002,MK09 South Karelia,Total,7-8 Master's or equivalent level or doctoral or equivalent level,4553
2002,MK09 South Karelia,Employed,Total,53508
2002,MK09 South Karelia,Employed,7-8 Master's or equivalent level or doctoral or equivalent level,3649
2002,MK09 South Karelia,Unemployed,Total,10005
2002,MK09 South Karelia,Unemployed,7-8 Master's or equivalent level or doctoral or equivalent level,158
2002,MK04 Satakunta,Total,Total,230480
2002,MK04 Satakunta,Total,7-8 Master's or equivalent level or doctoral or equivalent level,6663
2002,MK04 Satakunta,Employed,Total,92804
2002,MK04 Satakunta,Employed,7-8 Master's or equivalent level or doctoral or equivalent level,5443
2002,MK04 Satakunta,Unemployed,Total,16686
2002,MK04 Satakunta,Unemployed,7-8 Master's or equivalent level or doctoral or equivalent level,173
2002,MK06 Pirkanmaa,Total,Total,460103
2002,MK06 Pirkanmaa,Total,7-8 Master's or equivalent level or doctoral or equivalent level,24249
2002,MK06 Pirkanmaa,Employed,Total,197880
2002,MK06 Pirkanmaa,Employed,7-8 Master's or equivalent level or doctoral or equivalent level,19777
2002,MK06 Pirkanmaa,Unemployed,Total,28847
2002,MK06 Pirkanmaa,Unemployed,7-8 Master's or equivalent level or doctoral or equivalent level,847
2002,MK13 Central Finland,Total,Total,263889
2002,MK13 Central Finland,Total,7-8 Master's or equivalent level or doctoral or equivalent level,12101
2002,MK13 Central Finland,Employed,Total,105181
2002,MK13 Central Finland,Employed,7-8 Master's or equivalent level or doctoral or equivalent level,9748
2002,MK13 Central Finland,Unemployed,Total,18723
2002,MK13 Central Finland,Unemployed,7-8 Master's or equivalent level or doctoral or equivalent level,452
2002,MK14 South Ostrobothnia,Total,Total,199190
2002,MK14 South Ostrobothnia,Total,7-8 Master's or equivalent level or doctoral or equivalent level,4727
2002,MK14 South Ostrobothnia,Employed,Total,79929
2002,MK14 South Ostrobothnia,Employed,7-8 Master's or equivalent level or doctoral or equivalent level,3975
2002,MK14 South Ostrobothnia,Unemployed,Total,10059
2002,MK14 South Ostrobothnia,Unemployed,7-8 Master's or equivalent level or doctoral or equivalent level,80
2002,MK15 Ostrobothnia,Total,Total,167921
2002,MK15 Ostrobothnia,Total,7-8 Master's or equivalent level or doctoral or equivalent level,6744
2002,MK15 Ostrobothnia,Employed,Total,73333
2002,MK15 Ostrobothnia,Employed,7-8 Master's or equivalent level or doctoral or equivalent level,5669
2002,MK15 Ostrobothnia,Unemployed,Total,6902
2002,MK15 Ostrobothnia,Unemployed,7-8 Master's or equivalent level or doctoral or equivalent level,140
2002,MK10 South Savo,Total,Total,153864
2002,MK10 South Savo,Total,7-8 Master's or equivalent level or doctoral or equivalent level,4652
2002,MK10 South Savo,Employed,Total,58189
2002,MK10 South Savo,Employed,7-8 Master's or equivalent level or doctoral or equivalent level,3595
2002,MK10 South Savo,Unemployed,Total,10689
2002,MK10 South Savo,Unemployed,7-8 Master's or equivalent level or doctoral or equivalent level,124
2002,MK11 North Savo,Total,Total,257728
2002,MK11 North Savo,Total,7-8 Master's or equivalent level or doctoral or equivalent level,9332
2002,MK11 North Savo,Employed,Total,98798
2002,MK11 North Savo,Employed,7-8 Master's or equivalent level or doctoral or equivalent level,7678
2002,MK11 North Savo,Unemployed,Total,17240
2002,MK11 North Savo,Unemployed,7-8 Master's or equivalent level or doctoral or equivalent level,222
2002,MK12 North Karelia,Total,Total,174236
2002,MK12 North Karelia,Total,7-8 Master's or equivalent level or doctoral or equivalent level,5947
2002,MK12 North Karelia,Employed,Total,63365
2002,MK12 North Karelia,Employed,7-8 Master's or equivalent level or doctoral or equivalent level,4758
2002,MK12 North Karelia,Unemployed,Total,13993
2002,MK12 North Karelia,Unemployed,7-8 Master's or equivalent level or doctoral or equivalent level,251
2002,MK16 Central Ostrobothnia,Total,Total,67497
2002,MK16 Central Ostrobothnia,Total,7-8 Master's or equivalent level or doctoral or equivalent level,1784
2002,MK16 Central Ostrobothnia,Employed,Total,27487
2002,MK16 Central Ostrobothnia,Employed,7-8 Master's or equivalent level or doctoral or equivalent level,1533
2002,MK16 Central Ostrobothnia,Unemployed,Total,3630
2002,MK16 Central Ostrobothnia,Unemployed,7-8 Master's or equivalent level or doctoral or equivalent level,35
2002,MK17 North Ostrobothnia,Total,Total,377045
2002,MK17 North Ostrobothnia,Total,7-8 Master's or equivalent level or doctoral or equivalent level,16583
2002,MK17 North Ostrobothnia,Employed,Total,149732
2002,MK17 North Ostrobothnia,Employed,7-8 Master's or equivalent level or doctoral or equivalent level,14236
2002,MK17 North Ostrobothnia,Unemployed,Total,23863
2002,MK17 North Ostrobothnia,Unemployed,7-8 Master's or equivalent level or doctoral or equivalent level,466
2002,MK18 Kainuu,Total,Total,83477
2002,MK18 Kainuu,Total,7-8 Master's or equivalent level or doctoral or equivalent level,2277
2002,MK18 Kainuu,Employed,Total,28885
2002,MK18 Kainuu,Employed,7-8 Master's or equivalent level or doctoral or equivalent level,1921
2002,MK18 Kainuu,Unemployed,Total,8097
2002,MK18 Kainuu,Unemployed,7-8 Master's or equivalent level or doctoral or equivalent level,66
2002,MK19 Lapland,Total,Total,187777
2002,MK19 Lapland,Total,7-8 Master's or equivalent level or doctoral or equivalent level,5565
2002,MK19 Lapland,Employed,Total,69668
2002,MK19 Lapland,Employed,7-8 Master's or equivalent level or doctoral or equivalent level,4571
2002,MK19 Lapland,Unemployed,Total,16042
2002,MK19 Lapland,Unemployed,7-8 Master's or equivalent level or doctoral or equivalent level,185
2002,MK21 Åland,Total,Total,26257
2002,MK21 Åland,Total,7-8 Master's or equivalent level or doctoral or equivalent level,836
2002,MK21 Åland,Employed,Total,13269
2002,MK21 Åland,Employed,7-8 Master's or equivalent level or doctoral or equivalent level,668
2002,MK21 Åland,Unemployed,Total,255
2002,MK21 Åland,Unemployed,7-8 Master's or equivalent level or doctoral or equivalent level,7
2003,MK01 Uusimaa,Total,Total,1429869
2003,MK01 Uusimaa,Total,7-8 Master's or equivalent level or doctoral or equivalent level,131640
2003,MK01 Uusimaa,Employed,Total,701021
2003,MK01 Uusimaa,Employed,7-8 Master's or equivalent level or doctoral or equivalent level,104162
2003,MK01 Uusimaa,Unemployed,Total,62555
2003,MK01 Uusimaa,Unemployed,7-8 Master's or equivalent level or doctoral or equivalent level,4429
2003,MK02 Southwest Finland,Total,Total,452444
2003,MK02 Southwest Finland,Total,7-8 Master's or equivalent level or doctoral or equivalent level,24813
2003,MK02 Southwest Finland,Employed,Total,197332
2003,MK02 Southwest Finland,Employed,7-8 Master's or equivalent level or doctoral or equivalent level,19395
2003,MK02 Southwest Finland,Unemployed,Total,24035
2003,MK02 Southwest Finland,Unemployed,7-8 Master's or equivalent level or doctoral or equivalent level,971
2003,MK05 Kanta-Häme,Total,Total,166648
2003,MK05 Kanta-Häme,Total,7-8 Master's or equivalent level or doctoral or equivalent level,6352
2003,MK05 Kanta-Häme,Employed,Total,71464
2003,MK05 Kanta-Häme,Employed,7-8 Master's or equivalent level or doctoral or equivalent level,4958
2003,MK05 Kanta-Häme,Unemployed,Total,8877
2003,MK05 Kanta-Häme,Unemployed,7-8 Master's or equivalent level or doctoral or equivalent level,137
2003,MK07 Päijät-Häme,Total,Total,205755
2003,MK07 Päijät-Häme,Total,7-8 Master's or equivalent level or doctoral or equivalent level,6694
2003,MK07 Päijät-Häme,Employed,Total,85576
2003,MK07 Päijät-Häme,Employed,7-8 Master's or equivalent level or doctoral or equivalent level,5185
2003,MK07 Päijät-Häme,Unemployed,Total,14189
2003,MK07 Päijät-Häme,Unemployed,7-8 Master's or equivalent level or doctoral or equivalent level,198
2003,MK08 Kymenlaakso,Total,Total,178341
2003,MK08 Kymenlaakso,Total,7-8 Master's or equivalent level or doctoral or equivalent level,5459
2003,MK08 Kymenlaakso,Employed,Total,72613
2003,MK08 Kymenlaakso,Employed,7-8 Master's or equivalent level or doctoral or equivalent level,4165
2003,MK08 Kymenlaakso,Unemployed,Total,11536
2003,MK08 Kymenlaakso,Unemployed,7-8 Master's or equivalent level or doctoral or equivalent level,175
2003,MK09 South Karelia,Total,Total,135458
2003,MK09 South Karelia,Total,7-8 Master's or equivalent level or doctoral or equivalent level,4785
2003,MK09 South Karelia,Employed,Total,53434
2003,MK09 South Karelia,Employed,7-8 Master's or equivalent level or doctoral or equivalent level,3777
2003,MK09 South Karelia,Unemployed,Total,9646
2003,MK09 South Karelia,Unemployed,7-8 Master's or equivalent level or doctoral or equivalent level,183
2003,MK04 Satakunta,Total,Total,229910
2003,MK04 Satakunta,Total,7-8 Master's or equivalent level or doctoral or equivalent level,6954
2003,MK04 Satakunta,Employed,Total,92863
2003,MK04 Satakunta,Employed,7-8 Master's or equivalent level or doctoral or equivalent level,5695
2003,MK04 Satakunta,Unemployed,Total,16529
2003,MK04 Satakunta,Unemployed,7-8 Master's or equivalent level or doctoral or equivalent level,187
2003,MK06 Pirkanmaa,Total,Total,463330
2003,MK06 Pirkanmaa,Total,7-8 Master's or equivalent level or doctoral or equivalent level,25688
2003,MK06 Pirkanmaa,Employed,Total,198540
2003,MK06 Pirkanmaa,Employed,7-8 Master's or equivalent level or doctoral or equivalent level,20776
2003,MK06 Pirkanmaa,Unemployed,Total,29880
2003,MK06 Pirkanmaa,Unemployed,7-8 Master's or equivalent level or doctoral or equivalent level,1075
2003,MK13 Central Finland,Total,Total,264936
2003,MK13 Central Finland,Total,7-8 Master's or equivalent level or doctoral or equivalent level,12745
2003,MK13 Central Finland,Employed,Total,105816
2003,MK13 Central Finland,Employed,7-8 Master's or equivalent level or doctoral or equivalent level,10181
2003,MK13 Central Finland,Unemployed,Total,18618
2003,MK13 Central Finland,Unemployed,7-8 Master's or equivalent level or doctoral or equivalent level,589
2003,MK14 South Ostrobothnia,Total,Total,199019
2003,MK14 South Ostrobothnia,Total,7-8 Master's or equivalent level or doctoral or equivalent level,4943
2003,MK14 South Ostrobothnia,Employed,Total,80606
2003,MK14 South Ostrobothnia,Employed,7-8 Master's or equivalent level or doctoral or equivalent level,4132
2003,MK14 South Ostrobothnia,Unemployed,Total,9760
2003,MK14 South Ostrobothnia,Unemployed,7-8 Master's or equivalent level or doctoral or equivalent level,111
2003,MK15 Ostrobothnia,Total,Total,168046
2003,MK15 Ostrobothnia,Total,7-8 Master's or equivalent level or doctoral or equivalent level,7066
2003,MK15 Ostrobothnia,Employed,Total,73698
2003,MK15 Ostrobothnia,Employed,7-8 Master's or equivalent level or doctoral or equivalent level,5913
2003,MK15 Ostrobothnia,Unemployed,Total,6691
2003,MK15 Ostrobothnia,Unemployed,7-8 Master's or equivalent level or doctoral or equivalent level,186
2003,MK10 South Savo,Total,Total,152965
2003,MK10 South Savo,Total,7-8 Master's or equivalent level or doctoral or equivalent level,4824
2003,MK10 South Savo,Employed,Total,58303
2003,MK10 South Savo,Employed,7-8 Master's or equivalent level or doctoral or equivalent level,3727
2003,MK10 South Savo,Unemployed,Total,10258
2003,MK10 South Savo,Unemployed,7-8 Master's or equivalent level or doctoral or equivalent level,133
2003,MK11 North Savo,Total,Total,257079
2003,MK11 North Savo,Total,7-8 Master's or equivalent level or doctoral or equivalent level,9722
2003,MK11 North Savo,Employed,Total,99576
2003,MK11 North Savo,Employed,7-8 Master's or equivalent level or doctoral or equivalent level,7970
2003,MK11 North Savo,Unemployed,Total,16880
2003,MK11 North Savo,Unemployed,7-8 Master's or equivalent level or doctoral or equivalent level,269
2003,MK12 North Karelia,Total,Total,173580
2003,MK12 North Karelia,Total,7-8 Master's or equivalent level or doctoral or equivalent level,6176
2003,MK12 North Karelia,Employed,Total,63522
2003,MK12 North Karelia,Employed,7-8 Master's or equivalent level or doctoral or equivalent level,4886
2003,MK12 North Karelia,Unemployed,Total,13883
2003,MK12 North Karelia,Unemployed,7-8 Master's or equivalent level or doctoral or equivalent level,274
2003,MK16 Central Ostrobothnia,Total,Total,67441
2003,MK16 Central Ostrobothnia,Total,7-8 Master's or equivalent level or doctoral or equivalent level,1873
2003,MK16 Central Ostrobothnia,Employed,Total,27412
2003,MK16 Central Ostrobothnia,Employed,7-8 Master's or equivalent level or doctoral or equivalent level,1592
2003,MK16 Central Ostrobothnia,Unemployed,Total,3680
2003,MK16 Central Ostrobothnia,Unemployed,7-8 Master's or equivalent level or doctoral or equivalent level,48
2003,MK17 North Ostrobothnia,Total,Total,378903
2003,MK17 North Ostrobothnia,Total,7-8 Master's or equivalent level or doctoral or equivalent level,17404
2003,MK17 North Ostrobothnia,Employed,Total,151723
2003,MK17 North Ostrobothnia,Employed,7-8 Master's or equivalent level or doctoral or equivalent level,14804
2003,MK17 North Ostrobothnia,Unemployed,Total,23794
2003,MK17 North Ostrobothnia,Unemployed,7-8 Master's or equivalent level or doctoral or equivalent level,574
2003,MK18 Kainuu,Total,Total,82744
2003,MK18 Kainuu,Total,7-8 Master's or equivalent level or doctoral or equivalent level,2351
2003,MK18 Kainuu,Employed,Total,29241
2003,MK18 Kainuu,Employed,7-8 Master's or equivalent level or doctoral or equivalent level,1962
2003,MK18 Kainuu,Unemployed,Total,7436
2003,MK18 Kainuu,Unemployed,7-8 Master's or equivalent level or doctoral or equivalent level,71
2003,MK19 Lapland,Total,Total,186917
2003,MK19 Lapland,Total,7-8 Master's or equivalent level or doctoral or equivalent level,5741
2003,MK19 Lapland,Employed,Total,69933
2003,MK19 Lapland,Employed,7-8 Master's or equivalent level or doctoral or equivalent level,4715
2003,MK19 Lapland,Unemployed,Total,15193
2003,MK19 Lapland,Unemployed,7-8 Master's or equivalent level or doctoral or equivalent level,197
2003,MK21 Åland,Total,Total,26347
2003,MK21 Åland,Total,7-8 Master's or equivalent level or doctoral or equivalent level,835
2003,MK21 Åland,Employed,Total,13107
2003,MK21 Åland,Employed,7-8 Master's or equivalent level or doctoral or equivalent level,651
2003,MK21 Åland,Unemployed,Total,314
2003,MK21 Åland,Unemployed,7-8 Master's or equivalent level or doctoral or equivalent level,15
2004,MK01 Uusimaa,Total,Total,1439400
2004,MK01 Uusimaa,Total,7-8 Master's or equivalent level or doctoral or equivalent level,136005
2004,MK01 Uusimaa,Employed,Total,705403
2004,MK01 Uusimaa,Employed,7-8 Master's or equivalent level or doctoral or equivalent level,107494
2004,MK01 Uusimaa,Unemployed,Total,63113
2004,MK01 Uusimaa,Unemployed,7-8 Master's or equivalent level or doctoral or equivalent level,4349
2004,MK02 Southwest Finland,Total,Total,453745
2004,MK02 Southwest Finland,Total,7-8 Master's or equivalent level or doctoral or equivalent level,25761
2004,MK02 Southwest Finland,Employed,Total,199819
2004,MK02 Southwest Finland,Employed,7-8 Master's or equivalent level or doctoral or equivalent level,20066
2004,MK02 Southwest Finland,Unemployed,Total,23153
2004,MK02 Southwest Finland,Unemployed,7-8 Master's or equivalent level or doctoral or equivalent level,999
2004,MK05 Kanta-Häme,Total,Total,167630
2004,MK05 Kanta-Häme,Total,7-8 Master's or equivalent level or doctoral or equivalent level,6645
2004,MK05 Kanta-Häme,Employed,Total,72142
2004,MK05 Kanta-Häme,Employed,7-8 Master's or equivalent level or doctoral or equivalent level,5171
2004,MK05 Kanta-Häme,Unemployed,Total,8921
2004,MK05 Kanta-Häme,Unemployed,7-8 Master's or equivalent level or doctoral or equivalent level,162
2004,MK07 Päijät-Häme,Total,Total,206021
2004,MK07 Päijät-Häme,Total,7-8 Master's or equivalent level or doctoral or equivalent level,7006
2004,MK07 Päijät-Häme,Employed,Total,86294
2004,MK07 Päijät-Häme,Employed,7-8 Master's or equivalent level or doctoral or equivalent level,5410
2004,MK07 Päijät-Häme,Unemployed,Total,13755
2004,MK07 Päijät-Häme,Unemployed,7-8 Master's or equivalent level or doctoral or equivalent level,205
2004,MK08 Kymenlaakso,Total,Total,178205
2004,MK08 Kymenlaakso,Total,7-8 Master's or equivalent level or doctoral or equivalent level,5644
2004,MK08 Kymenlaakso,Employed,Total,72850
2004,MK08 Kymenlaakso,Employed,7-8 Master's or equivalent level or doctoral or equivalent level,4307
2004,MK08 Kymenlaakso,Unemployed,Total,11475
2004,MK08 Kymenlaakso,Unemployed,7-8 Master's or equivalent level or doctoral or equivalent level,189
2004,MK09 South Karelia,Total,Total,134962
2004,MK09 South Karelia,Total,7-8 Master's or equivalent level or doctoral or equivalent level,5051
2004,MK09 South Karelia,Employed,Total,53569
2004,MK09 South Karelia,Employed,7-8 Master's or equivalent level or doctoral or equivalent level,3998
2004,MK09 South Karelia,Unemployed,Total,9505
2004,MK09 South Karelia,Unemployed,7-8 Master's or equivalent level or doctoral or equivalent level,187
2004,MK04 Satakunta,Total,Total,229389
2004,MK04 Satakunta,Total,7-8 Master's or equivalent level or doctoral or equivalent level,7198
2004,MK04 Satakunta,Employed,Total,92871
2004,MK04 Satakunta,Employed,7-8 Master's or equivalent level or doctoral or equivalent level,5812
2004,MK04 Satakunta,Unemployed,Total,16298
2004,MK04 Satakunta,Unemployed,7-8 Master's or equivalent level or doctoral or equivalent level,229
2004,MK06 Pirkanmaa,Total,Total,467424
2004,MK06 Pirkanmaa,Total,7-8 Master's or equivalent level or doctoral or equivalent level,27023
2004,MK06 Pirkanmaa,Employed,Total,202247
2004,MK06 Pirkanmaa,Employed,7-8 Master's or equivalent level or doctoral or equivalent level,21875
2004,MK06 Pirkanmaa,Unemployed,Total,28601
2004,MK06 Pirkanmaa,Unemployed,7-8 Master's or equivalent level or doctoral or equivalent level,1073
2004,MK13 Central Finland,Total,Total,266047
2004,MK13 Central Finland,Total,7-8 Master's or equivalent level or doctoral or equivalent level,13443
2004,MK13 Central Finland,Employed,Total,106899
2004,MK13 Central Finland,Employed,7-8 Master's or equivalent level or doctoral or equivalent level,10670
2004,MK13 Central Finland,Unemployed,Total,18079
2004,MK13 Central Finland,Unemployed,7-8 Master's or equivalent level or doctoral or equivalent level,644
2004,MK14 South Ostrobothnia,Total,Total,199150
2004,MK14 South Ostrobothnia,Total,7-8 Master's or equivalent level or doctoral or equivalent level,5172
2004,MK14 South Ostrobothnia,Employed,Total,80908
2004,MK14 South Ostrobothnia,Employed,7-8 Master's or equivalent level or doctoral or equivalent level,4301
2004,MK14 South Ostrobothnia,Unemployed,Total,9569
2004,MK14 South Ostrobothnia,Unemployed,7-8 Master's or equivalent level or doctoral or equivalent level,110
2004,MK15 Ostrobothnia,Total,Total,168361
2004,MK15 Ostrobothnia,Total,7-8 Master's or equivalent level or doctoral or equivalent level,7401
2004,MK15 Ostrobothnia,Employed,Total,74168
2004,MK15 Ostrobothnia,Employed,7-8 Master's or equivalent level or doctoral or equivalent level,6197
2004,MK15 Ostrobothnia,Unemployed,Total,6691
2004,MK15 Ostrobothnia,Unemployed,7-8 Master's or equivalent level or doctoral or equivalent level,196
2004,MK10 South Savo,Total,Total,152171
2004,MK10 South Savo,Total,7-8 Master's or equivalent level or doctoral or equivalent level,4931
2004,MK10 South Savo,Employed,Total,57883
2004,MK10 South Savo,Employed,7-8 Master's or equivalent level or doctoral or equivalent level,3795
2004,MK10 South Savo,Unemployed,Total,10275
2004,MK10 South Savo,Unemployed,7-8 Master's or equivalent level or doctoral or equivalent level,130
2004,MK11 North Savo,Total,Total,256740
2004,MK11 North Savo,Total,7-8 Master's or equivalent level or doctoral or equivalent level,10155
2004,MK11 North Savo,Employed,Total,99936
2004,MK11 North Savo,Employed,7-8 Master's or equivalent level or doctoral or equivalent level,8342
2004,MK11 North Savo,Unemployed,Total,16153
2004,MK11 North Savo,Unemployed,7-8 Master's or equivalent level or doctoral or equivalent level,280
2004,MK12 North Karelia,Total,Total,173018
2004,MK12 North Karelia,Total,7-8 Master's or equivalent level or doctoral or equivalent level,6436
2004,MK12 North Karelia,Employed,Total,64042
2004,MK12 North Karelia,Employed,7-8 Master's or equivalent level or doctoral or equivalent level,5041
2004,MK12 North Karelia,Unemployed,Total,13781
2004,MK12 North Karelia,Unemployed,7-8 Master's or equivalent level or doctoral or equivalent level,329
2004,MK16 Central Ostrobothnia,Total,Total,67369
2004,MK16 Central Ostrobothnia,Total,7-8 Master's or equivalent level or doctoral or equivalent level,1951
2004,MK16 Central Ostrobothnia,Employed,Total,27589
2004,MK16 Central Ostrobothnia,Employed,7-8 Master's or equivalent level or doctoral or equivalent level,1661
2004,MK16 Central Ostrobothnia,Unemployed,Total,3454
2004,MK16 Central Ostrobothnia,Unemployed,7-8 Master's or equivalent level or doctoral or equivalent level,34
2004,MK17 North Ostrobothnia,Total,Total,381792
2004,MK17 North Ostrobothnia,Total,7-8 Master's or equivalent level or doctoral or equivalent level,18344
2004,MK17 North Ostrobothnia,Employed,Total,153314
2004,MK17 North Ostrobothnia,Employed,7-8 Master's or equivalent level or doctoral or equivalent level,15507
2004,MK17 North Ostrobothnia,Unemployed,Total,23682
2004,MK17 North Ostrobothnia,Unemployed,7-8 Master's or equivalent level or doctoral or equivalent level,618
2004,MK18 Kainuu,Total,Total,82214
2004,MK18 Kainuu,Total,7-8 Master's or equivalent level or doctoral or equivalent level,2474
2004,MK18 Kainuu,Employed,Total,29357
2004,MK18 Kainuu,Employed,7-8 Master's or equivalent level or doctoral or equivalent level,2045
2004,MK18 Kainuu,Unemployed,Total,7271
2004,MK18 Kainuu,Unemployed,7-8 Master's or equivalent level or doctoral or equivalent level,85
2004,MK19 Lapland,Total,Total,186443
2004,MK19 Lapland,Total,7-8 Master's or equivalent level or doctoral or equivalent level,6006
2004,MK19 Lapland,Employed,Total,69954
2004,MK19 Lapland,Employed,7-8 Master's or equivalent level or doctoral or equivalent level,4920
2004,MK19 Lapland,Unemployed,Total,15201
2004,MK19 Lapland,Unemployed,7-8 Master's or equivalent level or doctoral or equivalent level,207
2004,MK21 Åland,Total,Total,26530
2004,MK21 Åland,Total,7-8 Master's or equivalent level or doctoral or equivalent level,869
2004,MK21 Åland,Employed,Total,13114
2004,MK21 Åland,Employed,7-8 Master's or equivalent level or doctoral or equivalent level,680
2004,MK21 Åland,Unemployed,Total,355
2004,MK21 Åland,Unemployed,7-8 Master's or equivalent level or doctoral or equivalent level,16
2005,MK01 Uusimaa,Total,Total,1452083
2005,MK01 Uusimaa,Total,7-8 Master's or equivalent level or doctoral or equivalent level,140634
2005,MK01 Uusimaa,Employed,Total,708218
2005,MK01 Uusimaa,Employed,7-8 Master's or equivalent level or doctoral or equivalent level,111473
2005,MK01 Uusimaa,Unemployed,Total,59925
2005,MK01 Uusimaa,Unemployed,7-8 Master's or equivalent level or doctoral or equivalent level,4089
2005,MK02 Southwest Finland,Total,Total,455584
2005,MK02 Southwest Finland,Total,7-8 Master's or equivalent level or doctoral or equivalent level,26674
2005,MK02 Southwest Finland,Employed,Total,202116
2005,MK02 Southwest Finland,Employed,7-8 Master's or equivalent level or doctoral or equivalent level,20828
2005,MK02 Southwest Finland,Unemployed,Total,19957
2005,MK02 Southwest Finland,Unemployed,7-8 Master's or equivalent level or doctoral or equivalent level,966
2005,MK05 Kanta-Häme,Total,Total,168381
2005,MK05 Kanta-Häme,Total,7-8 Master's or equivalent level or doctoral or equivalent level,6911
2005,MK05 Kanta-Häme,Employed,Total,72551
2005,MK05 Kanta-Häme,Employed,7-8 Master's or equivalent level or doctoral or equivalent level,5381
2005,MK05 Kanta-Häme,Unemployed,Total,8376
2005,MK05 Kanta-Häme,Unemployed,7-8 Master's or equivalent level or doctoral or equivalent level,149
2005,MK07 Päijät-Häme,Total,Total,206240
2005,MK07 Päijät-Häme,Total,7-8 Master's or equivalent level or doctoral or equivalent level,7297
2005,MK07 Päijät-Häme,Employed,Total,85006
2005,MK07 Päijät-Häme,Employed,7-8 Master's or equivalent level or doctoral or equivalent level,5615
2005,MK07 Päijät-Häme,Unemployed,Total,13679
2005,MK07 Päijät-Häme,Unemployed,7-8 Master's or equivalent level or doctoral or equivalent level,217
2005,MK08 Kymenlaakso,Total,Total,177931
2005,MK08 Kymenlaakso,Total,7-8 Master's or equivalent level or doctoral or equivalent level,5850
2005,MK08 Kymenlaakso,Employed,Total,72133
2005,MK08 Kymenlaakso,Employed,7-8 Master's or equivalent level or doctoral or equivalent level,4439
2005,MK08 Kymenlaakso,Unemployed,Total,10911
2005,MK08 Kymenlaakso,Unemployed,7-8 Master's or equivalent level or doctoral or equivalent level,151
2005,MK09 South Karelia,Total,Total,134786
2005,MK09 South Karelia,Total,7-8 Master's or equivalent level or doctoral or equivalent level,5305
2005,MK09 South Karelia,Employed,Total,53332
2005,MK09 South Karelia,Employed,7-8 Master's or equivalent level or doctoral or equivalent level,4157
2005,MK09 South Karelia,Unemployed,Total,8958
2005,MK09 South Karelia,Unemployed,7-8 Master's or equivalent level or doctoral or equivalent level,223
2005,MK04 Satakunta,Total,Total,228675
2005,MK04 Satakunta,Total,7-8 Master's or equivalent level or doctoral or equivalent level,7406
2005,MK04 Satakunta,Employed,Total,92690
2005,MK04 Satakunta,Employed,7-8 Master's or equivalent level or doctoral or equivalent level,5942
2005,MK04 Satakunta,Unemployed,Total,14591
2005,MK04 Satakunta,Unemployed,7-8 Master's or equivalent level or doctoral or equivalent level,214
2005,MK06 Pirkanmaa,Total,Total,471409
2005,MK06 Pirkanmaa,Total,7-8 Master's or equivalent level or doctoral or equivalent level,28344
2005,MK06 Pirkanmaa,Employed,Total,204228
2005,MK06 Pirkanmaa,Employed,7-8 Master's or equivalent level or doctoral or equivalent level,23010
2005,MK06 Pirkanmaa,Unemployed,Total,26986
2005,MK06 Pirkanmaa,Unemployed,7-8 Master's or equivalent level or doctoral or equivalent level,1085
2005,MK13 Central Finland,Total,Total,266770
2005,MK13 Central Finland,Total,7-8 Master's or equivalent level or doctoral or equivalent level,13931
2005,MK13 Central Finland,Employed,Total,106343
2005,MK13 Central Finland,Employed,7-8 Master's or equivalent level or doctoral or equivalent level,10969
2005,MK13 Central Finland,Unemployed,Total,17714
2005,MK13 Central Finland,Unemployed,7-8 Master's or equivalent level or doctoral or equivalent level,660
2005,MK14 South Ostrobothnia,Total,Total,198856
2005,MK14 South Ostrobothnia,Total,7-8 Master's or equivalent level or doctoral or equivalent level,5375
2005,MK14 South Ostrobothnia,Employed,Total,81257
2005,MK14 South Ostrobothnia,Employed,7-8 Master's or equivalent level or doctoral or equivalent level,4446
2005,MK14 South Ostrobothnia,Unemployed,Total,8956
2005,MK14 South Ostrobothnia,Unemployed,7-8 Master's or equivalent level or doctoral or equivalent level,119
2005,MK15 Ostrobothnia,Total,Total,168583
2005,MK15 Ostrobothnia,Total,7-8 Master's or equivalent level or doctoral or equivalent level,7706
2005,MK15 Ostrobothnia,Employed,Total,73949
2005,MK15 Ostrobothnia,Employed,7-8 Master's or equivalent level or doctoral or equivalent level,6439
2005,MK15 Ostrobothnia,Unemployed,Total,6157
2005,MK15 Ostrobothnia,Unemployed,7-8 Master's or equivalent level or doctoral or equivalent level,201
2005,MK10 South Savo,Total,Total,151395
2005,MK10 South Savo,Total,7-8 Master's or equivalent level or doctoral or equivalent level,5121
2005,MK10 South Savo,Employed,Total,57436
2005,MK10 South Savo,Employed,7-8 Master's or equivalent level or doctoral or equivalent level,3923
2005,MK10 South Savo,Unemployed,Total,9649
2005,MK10 South Savo,Unemployed,7-8 Master's or equivalent level or doctoral or equivalent level,163
2005,MK11 North Savo,Total,Total,255683
2005,MK11 North Savo,Total,7-8 Master's or equivalent level or doctoral or equivalent level,10498
2005,MK11 North Savo,Employed,Total,99520
2005,MK11 North Savo,Employed,7-8 Master's or equivalent level or doctoral or equivalent level,8560
2005,MK11 North Savo,Unemployed,Total,15545
2005,MK11 North Savo,Unemployed,7-8 Master's or equivalent level or doctoral or equivalent level,305
2005,MK12 North Karelia,Total,Total,172633
2005,MK12 North Karelia,Total,7-8 Master's or equivalent level or doctoral or equivalent level,6729
2005,MK12 North Karelia,Employed,Total,64254
2005,MK12 North Karelia,Employed,7-8 Master's or equivalent level or doctoral or equivalent level,5215
2005,MK12 North Karelia,Unemployed,Total,12969
2005,MK12 North Karelia,Unemployed,7-8 Master's or equivalent level or doctoral or equivalent level,366
2005,MK16 Central Ostrobothnia,Total,Total,67612
2005,MK16 Central Ostrobothnia,Total,7-8 Master's or equivalent level or doctoral or equivalent level,2057
2005,MK16 Central Ostrobothnia,Employed,Total,27548
2005,MK16 Central Ostrobothnia,Employed,7-8 Master's or equivalent level or doctoral or equivalent level,1722
2005,MK16 Central Ostrobothnia,Unemployed,Total,3455
2005,MK16 Central Ostrobothnia,Unemployed,7-8 Master's or equivalent level or doctoral or equivalent level,44
2005,MK17 North Ostrobothnia,Total,Total,384808
2005,MK17 North Ostrobothnia,Total,7-8 Master's or equivalent level or doctoral or equivalent level,19294
2005,MK17 North Ostrobothnia,Employed,Total,153016
2005,MK17 North Ostrobothnia,Employed,7-8 Master's or equivalent level or doctoral or equivalent level,16170
2005,MK17 North Ostrobothnia,Unemployed,Total,23510
2005,MK17 North Ostrobothnia,Unemployed,7-8 Master's or equivalent level or doctoral or equivalent level,705
2005,MK18 Kainuu,Total,Total,81585
2005,MK18 Kainuu,Total,7-8 Master's or equivalent level or doctoral or equivalent level,2548
2005,MK18 Kainuu,Employed,Total,28958
2005,MK18 Kainuu,Employed,7-8 Master's or equivalent level or doctoral or equivalent level,2069
2005,MK18 Kainuu,Unemployed,Total,7143
2005,MK18 Kainuu,Unemployed,7-8 Master's or equivalent level or doctoral or equivalent level,99
2005,MK19 Lapland,Total,Total,185800
2005,MK19 Lapland,Total,7-8 Master's or equivalent level or doctoral or equivalent level,6226
2005,MK19 Lapland,Employed,Total,69421
2005,MK19 Lapland,Employed,7-8 Master's or equivalent level or doctoral or equivalent level,5066
2005,MK19 Lapland,Unemployed,Total,14721
2005,MK19 Lapland,Unemployed,7-8 Master's or equivalent level or doctoral or equivalent level,224
2005,MK21 Åland,Total,Total,26766
2005,MK21 Åland,Total,7-8 Master's or equivalent level or doctoral or equivalent level,910
2005,MK21 Åland,Employed,Total,13235
2005,MK21 Åland,Employed,7-8 Master's or equivalent level or doctoral or equivalent level,711
2005,MK21 Åland,Unemployed,Total,333
2005,MK21 Åland,Unemployed,7-8 Master's or equivalent level or doctoral or equivalent level,10
2006,MK01 Uusimaa,Total,Total,1467453
2006,MK01 Uusimaa,Total,7-8 Master's or equivalent level or doctoral or equivalent level,146033
2006,MK01 Uusimaa,Employed,Total,724005
2006,MK01 Uusimaa,Employed,7-8 Master's or equivalent level or doctoral or equivalent level,116015
2006,MK01 Uusimaa,Unemployed,Total,52892
2006,MK01 Uusimaa,Unemployed,7-8 Master's or equivalent level or doctoral or equivalent level,3981
2006,MK02 Southwest Finland,Total,Total,457789
2006,MK02 Southwest Finland,Total,7-8 Master's or equivalent level or doctoral or equivalent level,27648
2006,MK02 Southwest Finland,Employed,Total,206267
2006,MK02 Southwest Finland,Employed,7-8 Master's or equivalent level or doctoral or equivalent level,21581
2006,MK02 Southwest Finland,Unemployed,Total,17609
2006,MK02 Southwest Finland,Unemployed,7-8 Master's or equivalent level or doctoral or equivalent level,959
2006,MK05 Kanta-Häme,Total,Total,169952
2006,MK05 Kanta-Häme,Total,7-8 Master's or equivalent level or doctoral or equivalent level,7199
2006,MK05 Kanta-Häme,Employed,Total,74719
2006,MK05 Kanta-Häme,Employed,7-8 Master's or equivalent level or doctoral or equivalent level,5596
2006,MK05 Kanta-Häme,Unemployed,Total,7277
2006,MK05 Kanta-Häme,Unemployed,7-8 Master's or equivalent level or doctoral or equivalent level,177
2006,MK07 Päijät-Häme,Total,Total,206481
2006,MK07 Päijät-Häme,Total,7-8 Master's or equivalent level or doctoral or equivalent level,7627
2006,MK07 Päijät-Häme,Employed,Total,86407
2006,MK07 Päijät-Häme,Employed,7-8 Master's or equivalent level or doctoral or equivalent level,5880
2006,MK07 Päijät-Häme,Unemployed,Total,12144
2006,MK07 Päijät-Häme,Unemployed,7-8 Master's or equivalent level or doctoral or equivalent level,233
2006,MK08 Kymenlaakso,Total,Total,176995
2006,MK08 Kymenlaakso,Total,7-8 Master's or equivalent level or doctoral or equivalent level,6030
2006,MK08 Kymenlaakso,Employed,Total,72497
2006,MK08 Kymenlaakso,Employed,7-8 Master's or equivalent level or doctoral or equivalent level,4594
2006,MK08 Kymenlaakso,Unemployed,Total,9847
2006,MK08 Kymenlaakso,Unemployed,7-8 Master's or equivalent level or doctoral or equivalent level,151
2006,MK09 South Karelia,Total,Total,134441
2006,MK09 South Karelia,Total,7-8 Master's or equivalent level or doctoral or equivalent level,5483
2006,MK09 South Karelia,Employed,Total,53854
2006,MK09 South Karelia,Employed,7-8 Master's or equivalent level or doctoral or equivalent level,4299
2006,MK09 South Karelia,Unemployed,Total,8103
2006,MK09 South Karelia,Unemployed,7-8 Master's or equivalent level or doctoral or equivalent level,187
2006,MK04 Satakunta,Total,Total,228051
2006,MK04 Satakunta,Total,7-8 Master's or equivalent level or doctoral or equivalent level,7665
2006,MK04 Satakunta,Employed,Total,94139
2006,MK04 Satakunta,Employed,7-8 Master's or equivalent level or doctoral or equivalent level,6140
2006,MK04 Satakunta,Unemployed,Total,12529
2006,MK04 Satakunta,Unemployed,7-8 Master's or equivalent level or doctoral or equivalent level,220
2006,MK06 Pirkanmaa,Total,Total,476221
2006,MK06 Pirkanmaa,Total,7-8 Master's or equivalent level or doctoral or equivalent level,29851
2006,MK06 Pirkanmaa,Employed,Total,210915
2006,MK06 Pirkanmaa,Employed,7-8 Master's or equivalent level or doctoral or equivalent level,24157
2006,MK06 Pirkanmaa,Unemployed,Total,22980
2006,MK06 Pirkanmaa,Unemployed,7-8 Master's or equivalent level or doctoral or equivalent level,1056
2006,MK13 Central Finland,Total,Total,266905
2006,MK13 Central Finland,Total,7-8 Master's or equivalent level or doctoral or equivalent level,14382
2006,MK13 Central Finland,Employed,Total,108687
2006,MK13 Central Finland,Employed,7-8 Master's or equivalent level or doctoral or equivalent level,11327
2006,MK13 Central Finland,Unemployed,Total,15942
2006,MK13 Central Finland,Unemployed,7-8 Master's or equivalent level or doctoral or equivalent level,660
2006,MK14 South Ostrobothnia,Total,Total,198626
2006,MK14 South Ostrobothnia,Total,7-8 Master's or equivalent level or doctoral or equivalent level,5618
2006,MK14 South Ostrobothnia,Employed,Total,82977
2006,MK14 South Ostrobothnia,Employed,7-8 Master's or equivalent level or doctoral or equivalent level,4659
2006,MK14 South Ostrobothnia,Unemployed,Total,7689
2006,MK14 South Ostrobothnia,Unemployed,7-8 Master's or equivalent level or doctoral or equivalent level,119
2006,MK15 Ostrobothnia,Total,Total,169170
2006,MK15 Ostrobothnia,Total,7-8 Master's or equivalent level or doctoral or equivalent level,8118
2006,MK15 Ostrobothnia,Employed,Total,75671
2006,MK15 Ostrobothnia,Employed,7-8 Master's or equivalent level or doctoral or equivalent level,6795
2006,MK15 Ostrobothnia,Unemployed,Total,5178
2006,MK15 Ostrobothnia,Unemployed,7-8 Master's or equivalent level or doctoral or equivalent level,187
2006,MK10 South Savo,Total,Total,150471
2006,MK10 South Savo,Total,7-8 Master's or equivalent level or doctoral or equivalent level,5273
2006,MK10 South Savo,Employed,Total,58624
2006,MK10 South Savo,Employed,7-8 Master's or equivalent level or doctoral or equivalent level,4030
2006,MK10 South Savo,Unemployed,Total,8234
2006,MK10 South Savo,Unemployed,7-8 Master's or equivalent level or doctoral or equivalent level,140
2006,MK11 North Savo,Total,Total,255094
2006,MK11 North Savo,Total,7-8 Master's or equivalent level or doctoral or equivalent level,10945
2006,MK11 North Savo,Employed,Total,101174
2006,MK11 North Savo,Employed,7-8 Master's or equivalent level or doctoral or equivalent level,8879
2006,MK11 North Savo,Unemployed,Total,13718
2006,MK11 North Savo,Unemployed,7-8 Master's or equivalent level or doctoral or equivalent level,311
2006,MK12 North Karelia,Total,Total,171758
2006,MK12 North Karelia,Total,7-8 Master's or equivalent level or doctoral or equivalent level,6933
2006,MK12 North Karelia,Employed,Total,64889
2006,MK12 North Karelia,Employed,7-8 Master's or equivalent level or doctoral or equivalent level,5397
2006,MK12 North Karelia,Unemployed,Total,11675
2006,MK12 North Karelia,Unemployed,7-8 Master's or equivalent level or doctoral or equivalent level,327
2006,MK16 Central Ostrobothnia,Total,Total,67632
2006,MK16 Central Ostrobothnia,Total,7-8 Master's or equivalent level or doctoral or equivalent level,2140
2006,MK16 Central Ostrobothnia,Employed,Total,28271
2006,MK16 Central Ostrobothnia,Employed,7-8 Master's or equivalent level or doctoral or equivalent level,1793
2006,MK16 Central Ostrobothnia,Unemployed,Total,2821
2006,MK16 Central Ostrobothnia,Unemployed,7-8 Master's or equivalent level or doctoral or equivalent level,33
2006,MK17 North Ostrobothnia,Total,Total,387320
2006,MK17 North Ostrobothnia,Total,7-8 Master's or equivalent level or doctoral or equivalent level,20191
2006,MK17 North Ostrobothnia,Employed,Total,157092
2006,MK17 North Ostrobothnia,Employed,7-8 Master's or equivalent level or doctoral or equivalent level,16867
2006,MK17 North Ostrobothnia,Unemployed,Total,20390
2006,MK17 North Ostrobothnia,Unemployed,7-8 Master's or equivalent level or doctoral or equivalent level,711
2006,MK18 Kainuu,Total,Total,80738
2006,MK18 Kainuu,Total,7-8 Master's or equivalent level or doctoral or equivalent level,2670
2006,MK18 Kainuu,Employed,Total,29435
2006,MK18 Kainuu,Employed,7-8 Master's or equivalent level or doctoral or equivalent level,2185
2006,MK18 Kainuu,Unemployed,Total,6340
2006,MK18 Kainuu,Unemployed,7-8 Master's or equivalent level or doctoral or equivalent level,83
2006,MK19 Lapland,Total,Total,184935
2006,MK19 Lapland,Total,7-8 Master's or equivalent level or doctoral or equivalent level,6482
2006,MK19 Lapland,Employed,Total,70751
2006,MK19 Lapland,Employed,7-8 Master's or equivalent level or doctoral or equivalent level,5205
2006,MK19 Lapland,Unemployed,Total,13057
2006,MK19 Lapland,Unemployed,7-8 Master's or equivalent level or doctoral or equivalent level,242
2006,MK21 Åland,Total,Total,26923
2006,MK21 Åland,Total,7-8 Master's or equivalent level or doctoral or equivalent level,951
2006,MK21 Åland,Employed,Total,13414
2006,MK21 Åland,Employed,7-8 Master's or equivalent level or doctoral or equivalent level,726
2006,MK21 Åland,Unemployed,Total,334
2006,MK21 Åland,Unemployed,7-8 Master's or equivalent level or doctoral or equivalent level,11
2007,MK01 Uusimaa,Total,Total,1483719
2007,MK01 Uusimaa,Total,7-8 Master's or equivalent level or doctoral or equivalent level,151814
2007,MK01 Uusimaa,Employed,Total,746138
2007,MK01 Uusimaa,Employed,7-8 Master's or equivalent level or doctoral or equivalent level,121117
2007,MK01 Uusimaa,Unemployed,Total,44087
2007,MK01 Uusimaa,Unemployed,7-8 Master's or equivalent level or doctoral or equivalent level,3521
2007,MK02 Southwest Finland,Total,Total,459235
2007,MK02 Southwest Finland,Total,7-8 Master's or equivalent level or doctoral or equivalent level,28644
2007,MK02 Southwest Finland,Employed,Total,210149
2007,MK02 Southwest Finland,Employed,7-8 Master's or equivalent level or doctoral or equivalent level,22223
2007,MK02 Southwest Finland,Unemployed,Total,15419
2007,MK02 Southwest Finland,Unemployed,7-8 Master's or equivalent level or doctoral or equivalent level,967
2007,MK05 Kanta-Häme,Total,Total,171449
2007,MK05 Kanta-Häme,Total,7-8 Master's or equivalent level or doctoral or equivalent level,7535
2007,MK05 Kanta-Häme,Employed,Total,76891
2007,MK05 Kanta-Häme,Employed,7-8 Master's or equivalent level or doctoral or equivalent level,5852
2007,MK05 Kanta-Häme,Unemployed,Total,6353
2007,MK05 Kanta-Häme,Unemployed,7-8 Master's or equivalent level or doctoral or equivalent level,162
2007,MK07 Päijät-Häme,Total,Total,207269
2007,MK07 Päijät-Häme,Total,7-8 Master's or equivalent level or doctoral or equivalent level,7953
2007,MK07 Päijät-Häme,Employed,Total,89003
2007,MK07 Päijät-Häme,Employed,7-8 Master's or equivalent level or doctoral or equivalent level,6091
2007,MK07 Päijät-Häme,Unemployed,Total,10357
2007,MK07 Päijät-Häme,Unemployed,7-8 Master's or equivalent level or doctoral or equivalent level,205
2007,MK08 Kymenlaakso,Total,Total,176356
2007,MK08 Kymenlaakso,Total,7-8 Master's or equivalent level or doctoral or equivalent level,6240
2007,MK08 Kymenlaakso,Employed,Total,73237
2007,MK08 Kymenlaakso,Employed,7-8 Master's or equivalent level or doctoral or equivalent level,4701
2007,MK08 Kymenlaakso,Unemployed,Total,8741
2007,MK08 Kymenlaakso,Unemployed,7-8 Master's or equivalent level or doctoral or equivalent level,153
2007,MK09 South Karelia,Total,Total,133899
2007,MK09 South Karelia,Total,7-8 Master's or equivalent level or doctoral or equivalent level,5662
2007,MK09 South Karelia,Employed,Total,54626
2007,MK09 South Karelia,Employed,7-8 Master's or equivalent level or doctoral or equivalent level,4442
2007,MK09 South Karelia,Unemployed,Total,7201
2007,MK09 South Karelia,Unemployed,7-8 Master's or equivalent level or doctoral or equivalent level,182
2007,MK04 Satakunta,Total,Total,227131
2007,MK04 Satakunta,Total,7-8 Master's or equivalent level or doctoral or equivalent level,7925
2007,MK04 Satakunta,Employed,Total,95855
2007,MK04 Satakunta,Employed,7-8 Master's or equivalent level or doctoral or equivalent level,6320
2007,MK04 Satakunta,Unemployed,Total,10790
2007,MK04 Satakunta,Unemployed,7-8 Master's or equivalent level or doctoral or equivalent level,188
2007,MK06 Pirkanmaa,Total,Total,480634
2007,MK06 Pirkanmaa,Total,7-8 Master's or equivalent level or doctoral or equivalent level,31295
2007,MK06 Pirkanmaa,Employed,Total,216446
2007,MK06 Pirkanmaa,Employed,7-8 Master's or equivalent level or doctoral or equivalent level,25403
2007,MK06 Pirkanmaa,Unemployed,Total,21092
2007,MK06 Pirkanmaa,Unemployed,7-8 Master's or equivalent level or doctoral or equivalent level,1070
2007,MK13 Central Finland,Total,Total,267998
2007,MK13 Central Finland,Total,7-8 Master's or equivalent level or doctoral or equivalent level,14985
2007,MK13 Central Finland,Employed,Total,110990
2007,MK13 Central Finland,Employed,7-8 Master's or equivalent level or doctoral or equivalent level,11719
2007,MK13 Central Finland,Unemployed,Total,14514
2007,MK13 Central Finland,Unemployed,7-8 Master's or equivalent level or doctoral or equivalent level,679
2007,MK14 South Ostrobothnia,Total,Total,198831
2007,MK14 South Ostrobothnia,Total,7-8 Master's or equivalent level or doctoral or equivalent level,5863
2007,MK14 South Ostrobothnia,Employed,Total,84346
2007,MK14 South Ostrobothnia,Employed,7-8 Master's or equivalent level or doctoral or equivalent level,4837
2007,MK14 South Ostrobothnia,Unemployed,Total,6967
2007,MK14 South Ostrobothnia,Unemployed,7-8 Master's or equivalent level or doctoral or equivalent level,136
2007,MK15 Ostrobothnia,Total,Total,169971
2007,MK15 Ostrobothnia,Total,7-8 Master's or equivalent level or doctoral or equivalent level,8540
2007,MK15 Ostrobothnia,Employed,Total,77749
2007,MK15 Ostrobothnia,Employed,7-8 Master's or equivalent level or doctoral or equivalent level,7134
2007,MK15 Ostrobothnia,Unemployed,Total,4344
2007,MK15 Ostrobothnia,Unemployed,7-8 Master's or equivalent level or doctoral or equivalent level,204
2007,MK10 South Savo,Total,Total,149032
2007,MK10 South Savo,Total,7-8 Master's or equivalent level or doctoral or equivalent level,5400
2007,MK10 South Savo,Employed,Total,59154
2007,MK10 South Savo,Employed,7-8 Master's or equivalent level or doctoral or equivalent level,4118
2007,MK10 South Savo,Unemployed,Total,7310
2007,MK10 South Savo,Unemployed,7-8 Master's or equivalent level or doctoral or equivalent level,164
2007,MK11 North Savo,Total,Total,254367
2007,MK11 North Savo,Total,7-8 Master's or equivalent level or doctoral or equivalent level,11369
2007,MK11 North Savo,Employed,Total,103217
2007,MK11 North Savo,Employed,7-8 Master's or equivalent level or doctoral or equivalent level,9207
2007,MK11 North Savo,Unemployed,Total,12424
2007,MK11 North Savo,Unemployed,7-8 Master's or equivalent level or doctoral or equivalent level,331
2007,MK12 North Karelia,Total,Total,170896
2007,MK12 North Karelia,Total,7-8 Master's or equivalent level or doctoral or equivalent level,7180
2007,MK12 North Karelia,Employed,Total,65487
2007,MK12 North Karelia,Employed,7-8 Master's or equivalent level or doctoral or equivalent level,5546
2007,MK12 North Karelia,Unemployed,Total,11314
2007,MK12 North Karelia,Unemployed,7-8 Master's or equivalent level or doctoral or equivalent level,363
2007,MK16 Central Ostrobothnia,Total,Total,67898
2007,MK16 Central Ostrobothnia,Total,7-8 Master's or equivalent level or doctoral or equivalent level,2242
2007,MK16 Central Ostrobothnia,Employed,Total,28991
2007,MK16 Central Ostrobothnia,Employed,7-8 Master's or equivalent level or doctoral or equivalent level,1878
2007,MK16 Central Ostrobothnia,Unemployed,Total,2356
2007,MK16 Central Ostrobothnia,Unemployed,7-8 Master's or equivalent level or doctoral or equivalent level,40
2007,MK17 North Ostrobothnia,Total,Total,390038
2007,MK17 North Ostrobothnia,Total,7-8 Master's or equivalent level or doctoral or equivalent level,21082
2007,MK17 North Ostrobothnia,Employed,Total,160658
2007,MK17 North Ostrobothnia,Employed,7-8 Master's or equivalent level or doctoral or equivalent level,17575
2007,MK17 North Ostrobothnia,Unemployed,Total,18558
2007,MK17 North Ostrobothnia,Unemployed,7-8 Master's or equivalent level or doctoral or equivalent level,739
2007,MK18 Kainuu,Total,Total,80218
2007,MK18 Kainuu,Total,7-8 Master's or equivalent level or doctoral or equivalent level,2758
2007,MK18 Kainuu,Employed,Total,30177
2007,MK18 Kainuu,Employed,7-8 Master's or equivalent level or doctoral or equivalent level,2235
2007,MK18 Kainuu,Unemployed,Total,5306
2007,MK18 Kainuu,Unemployed,7-8 Master's or equivalent level or doctoral or equivalent level,83
2007,MK19 Lapland,Total,Total,184390
2007,MK19 Lapland,Total,7-8 Master's or equivalent level or doctoral or equivalent level,6722
2007,MK19 Lapland,Employed,Total,72388
2007,MK19 Lapland,Employed,7-8 Master's or equivalent level or doctoral or equivalent level,5422
2007,MK19 Lapland,Unemployed,Total,11230
2007,MK19 Lapland,Unemployed,7-8 Master's or equivalent level or doctoral or equivalent level,249
2007,MK21 Åland,Total,Total,27153
2007,MK21 Åland,Total,7-8 Master's or equivalent level or doctoral or equivalent level,994
2007,MK21 Åland,Employed,Total,13564
2007,MK21 Åland,Employed,7-8 Master's or equivalent level or doctoral or equivalent level,778
2007,MK21 Åland,Unemployed,Total,310
2007,MK21 Åland,Unemployed,7-8 Master's or equivalent level or doctoral or equivalent level,10
2008,MK01 Uusimaa,Total,Total,1501511
2008,MK01 Uusimaa,Total,7-8 Master's or equivalent level or doctoral or equivalent level,161136
2008,MK01 Uusimaa,Employed,Total,757618
2008,MK01 Uusimaa,Employed,7-8 Master's or equivalent level or doctoral or equivalent level,128814
2008,MK01 Uusimaa,Unemployed,Total,45445
2008,MK01 Uusimaa,Unemployed,7-8 Master's or equivalent level or doctoral or equivalent level,3843
2008,MK02 Southwest Finland,Total,Total,461177
2008,MK02 Southwest Finland,Total,7-8 Master's or equivalent level or doctoral or equivalent level,30322
2008,MK02 Southwest Finland,Employed,Total,210161
2008,MK02 Southwest Finland,Employed,7-8 Master's or equivalent level or doctoral or equivalent level,23533
2008,MK02 Southwest Finland,Unemployed,Total,16744
2008,MK02 Southwest Finland,Unemployed,7-8 Master's or equivalent level or doctoral or equivalent level,1026
2008,MK05 Kanta-Häme,Total,Total,173041
2008,MK05 Kanta-Häme,Total,7-8 Master's or equivalent level or doctoral or equivalent level,7990
2008,MK05 Kanta-Häme,Employed,Total,76755
2008,MK05 Kanta-Häme,Employed,7-8 Master's or equivalent level or doctoral or equivalent level,6212
2008,MK05 Kanta-Häme,Unemployed,Total,7286
2008,MK05 Kanta-Häme,Unemployed,7-8 Master's or equivalent level or doctoral or equivalent level,164
2008,MK07 Päijät-Häme,Total,Total,207940
2008,MK07 Päijät-Häme,Total,7-8 Master's or equivalent level or doctoral or equivalent level,8412
2008,MK07 Päijät-Häme,Employed,Total,88578
2008,MK07 Päijät-Häme,Employed,7-8 Master's or equivalent level or doctoral or equivalent level,6458
2008,MK07 Päijät-Häme,Unemployed,Total,11131
2008,MK07 Päijät-Häme,Unemployed,7-8 Master's or equivalent level or doctoral or equivalent level,244
2008,MK08 Kymenlaakso,Total,Total,175661
2008,MK08 Kymenlaakso,Total,7-8 Master's or equivalent level or doctoral or equivalent level,6511
2008,MK08 Kymenlaakso,Employed,Total,72254
2008,MK08 Kymenlaakso,Employed,7-8 Master's or equivalent level or doctoral or equivalent level,4885
2008,MK08 Kymenlaakso,Unemployed,Total,9206
2008,MK08 Kymenlaakso,Unemployed,7-8 Master's or equivalent level or doctoral or equivalent level,161
2008,MK09 South Karelia,Total,Total,133647
2008,MK09 South Karelia,Total,7-8 Master's or equivalent level or doctoral or equivalent level,5962
2008,MK09 South Karelia,Employed,Total,54331
2008,MK09 South Karelia,Employed,7-8 Master's or equivalent level or doctoral or equivalent level,4627
2008,MK09 South Karelia,Unemployed,Total,7402
2008,MK09 South Karelia,Unemployed,7-8 Master's or equivalent level or doctoral or equivalent level,223
2008,MK04 Satakunta,Total,Total,226358
2008,MK04 Satakunta,Total,7-8 Master's or equivalent level or doctoral or equivalent level,8256
2008,MK04 Satakunta,Employed,Total,95682
2008,MK04 Satakunta,Employed,7-8 Master's or equivalent level or doctoral or equivalent level,6571
2008,MK04 Satakunta,Unemployed,Total,10765
2008,MK04 Satakunta,Unemployed,7-8 Master's or equivalent level or doctoral or equivalent level,229
2008,MK06 Pirkanmaa,Total,Total,484638
2008,MK06 Pirkanmaa,Total,7-8 Master's or equivalent level or doctoral or equivalent level,33452
2008,MK06 Pirkanmaa,Employed,Total,216583
2008,MK06 Pirkanmaa,Employed,7-8 Master's or equivalent level or doctoral or equivalent level,27206
2008,MK06 Pirkanmaa,Unemployed,Total,23657
2008,MK06 Pirkanmaa,Unemployed,7-8 Master's or equivalent level or doctoral or equivalent level,1207
2008,MK13 Central Finland,Total,Total,269108
2008,MK13 Central Finland,Total,7-8 Master's or equivalent level or doctoral or equivalent level,15854
2008,MK13 Central Finland,Employed,Total,111557
2008,MK13 Central Finland,Employed,7-8 Master's or equivalent level or doctoral or equivalent level,12432
2008,MK13 Central Finland,Unemployed,Total,15200
2008,MK13 Central Finland,Unemployed,7-8 Master's or equivalent level or doctoral or equivalent level,824
2008,MK14 South Ostrobothnia,Total,Total,198502
2008,MK14 South Ostrobothnia,Total,7-8 Master's or equivalent level or doctoral or equivalent level,6219
2008,MK14 South Ostrobothnia,Employed,Total,83458
2008,MK14 South Ostrobothnia,Employed,7-8 Master's or equivalent level or doctoral or equivalent level,5135
2008,MK14 South Ostrobothnia,Unemployed,Total,8111
2008,MK14 South Ostrobothnia,Unemployed,7-8 Master's or equivalent level or doctoral or equivalent level,151
2008,MK15 Ostrobothnia,Total,Total,170994
2008,MK15 Ostrobothnia,Total,7-8 Master's or equivalent level or doctoral or equivalent level,9213
2008,MK15 Ostrobothnia,Employed,Total,78419
2008,MK15 Ostrobothnia,Employed,7-8 Master's or equivalent level or doctoral or equivalent level,7734
2008,MK15 Ostrobothnia,Unemployed,Total,4780
2008,MK15 Ostrobothnia,Unemployed,7-8 Master's or equivalent level or doctoral or equivalent level,219
2008,MK10 South Savo,Total,Total,147892
2008,MK10 South Savo,Total,7-8 Master's or equivalent level or doctoral or equivalent level,5653
2008,MK10 South Savo,Employed,Total,58405
2008,MK10 South Savo,Employed,7-8 Master's or equivalent level or doctoral or equivalent level,4278
2008,MK10 South Savo,Unemployed,Total,7600
2008,MK10 South Savo,Unemployed,7-8 Master's or equivalent level or doctoral or equivalent level,186
2008,MK11 North Savo,Total,Total,253899
2008,MK11 North Savo,Total,7-8 Master's or equivalent level or doctoral or equivalent level,12085
2008,MK11 North Savo,Employed,Total,102636
2008,MK11 North Savo,Employed,7-8 Master's or equivalent level or doctoral or equivalent level,9790
2008,MK11 North Savo,Unemployed,Total,13540
2008,MK11 North Savo,Unemployed,7-8 Master's or equivalent level or doctoral or equivalent level,390
2008,MK12 North Karelia,Total,Total,170194
2008,MK12 North Karelia,Total,7-8 Master's or equivalent level or doctoral or equivalent level,7681
2008,MK12 North Karelia,Employed,Total,65007
2008,MK12 North Karelia,Employed,7-8 Master's or equivalent level or doctoral or equivalent level,5875
2008,MK12 North Karelia,Unemployed,Total,11826
2008,MK12 North Karelia,Unemployed,7-8 Master's or equivalent level or doctoral or equivalent level,415
2008,MK16 Central Ostrobothnia,Total,Total,67991
2008,MK16 Central Ostrobothnia,Total,7-8 Master's or equivalent level or doctoral or equivalent level,2357
2008,MK16 Central Ostrobothnia,Employed,Total,28672
2008,MK16 Central Ostrobothnia,Employed,7-8 Master's or equivalent level or doctoral or equivalent level,1972
2008,MK16 Central Ostrobothnia,Unemployed,Total,2853
2008,MK16 Central Ostrobothnia,Unemployed,7-8 Master's or equivalent level or doctoral or equivalent level,41
2008,MK17 North Ostrobothnia,Total,Total,392652
2008,MK17 North Ostrobothnia,Total,7-8 Master's or equivalent level or doctoral or equivalent level,22525
2008,MK17 North Ostrobothnia,Employed,Total,161165
2008,MK17 North Ostrobothnia,Employed,7-8 Master's or equivalent level or doctoral or equivalent level,18647
2008,MK17 North Ostrobothnia,Unemployed,Total,20504
2008,MK17 North Ostrobothnia,Unemployed,7-8 Master's or equivalent level or doctoral or equivalent level,915
2008,MK18 Kainuu,Total,Total,79690
2008,MK18 Kainuu,Total,7-8 Master's or equivalent level or doctoral or equivalent level,2918
2008,MK18 Kainuu,Employed,Total,29787
2008,MK18 Kainuu,Employed,7-8 Master's or equivalent level or doctoral or equivalent level,2294
2008,MK18 Kainuu,Unemployed,Total,5708
2008,MK18 Kainuu,Unemployed,7-8 Master's or equivalent level or doctoral or equivalent level,124
2008,MK19 Lapland,Total,Total,183963
2008,MK19 Lapland,Total,7-8 Master's or equivalent level or doctoral or equivalent level,7094
2008,MK19 Lapland,Employed,Total,72153
2008,MK19 Lapland,Employed,7-8 Master's or equivalent level or doctoral or equivalent level,5677
2008,MK19 Lapland,Unemployed,Total,11442
2008,MK19 Lapland,Unemployed,7-8 Master's or equivalent level or doctoral or equivalent level,264
2008,MK21 Åland,Total,Total,27456
2008,MK21 Åland,Total,7-8 Master's or equivalent level or doctoral or equivalent level,1052
2008,MK21 Åland,Employed,Total,13960
2008,MK21 Åland,Employed,7-8 Master's or equivalent level or doctoral or equivalent level,840
2008,MK21 Åland,Unemployed,Total,287
2008,MK21 Åland,Unemployed,7-8 Master's or equivalent level or doctoral or equivalent level,12
2009,MK01 Uusimaa,Total,Total,1517542
2009,MK01 Uusimaa,Total,7-8 Master's or equivalent level or doctoral or equivalent level,165737
2009,MK01 Uusimaa,Employed,Total,736309
2009,MK01 Uusimaa,Employed,7-8 Master's or equivalent level or doctoral or equivalent level,130248
2009,MK01 Uusimaa,Unemployed,Total,64920
2009,MK01 Uusimaa,Unemployed,7-8 Master's or equivalent level or doctoral or equivalent level,5389
2009,MK02 Southwest Finland,Total,Total,462914
2009,MK02 Southwest Finland,Total,7-8 Master's or equivalent level or doctoral or equivalent level,31059
2009,MK02 Southwest Finland,Employed,Total,200852
2009,MK02 Southwest Finland,Employed,7-8 Master's or equivalent level or doctoral or equivalent level,23825
2009,MK02 Southwest Finland,Unemployed,Total,24578
2009,MK02 Southwest Finland,Unemployed,7-8 Master's or equivalent level or doctoral or equivalent level,1279
2009,MK05 Kanta-Häme,Total,Total,173828
2009,MK05 Kanta-Häme,Total,7-8 Master's or equivalent level or doctoral or equivalent level,8254
2009,MK05 Kanta-Häme,Employed,Total,74346
2009,MK05 Kanta-Häme,Employed,7-8 Master's or equivalent level or doctoral or equivalent level,6348
2009,MK05 Kanta-Häme,Unemployed,Total,9400
2009,MK05 Kanta-Häme,Unemployed,7-8 Master's or equivalent level or doctoral or equivalent level,228
2009,MK07 Päijät-Häme,Total,Total,208331
2009,MK07 Päijät-Häme,Total,7-8 Master's or equivalent level or doctoral or equivalent level,8630
2009,MK07 Päijät-Häme,Employed,Total,83691
2009,MK07 Päijät-Häme,Employed,7-8 Master's or equivalent level or doctoral or equivalent level,6466
2009,MK07 Päijät-Häme,Unemployed,Total,14828
2009,MK07 Päijät-Häme,Unemployed,7-8 Master's or equivalent level or doctoral or equivalent level,333
2009,MK08 Kymenlaakso,Total,Total,175556
2009,MK08 Kymenlaakso,Total,7-8 Master's or equivalent level or doctoral or equivalent level,6711
2009,MK08 Kymenlaakso,Employed,Total,68563
2009,MK08 Kymenlaakso,Employed,7-8 Master's or equivalent level or doctoral or equivalent level,4895
2009,MK08 Kymenlaakso,Unemployed,Total,11524
2009,MK08 Kymenlaakso,Unemployed,7-8 Master's or equivalent level or doctoral or equivalent level,240
2009,MK09 South Karelia,Total,Total,133210
2009,MK09 South Karelia,Total,7-8 Master's or equivalent level or doctoral or equivalent level,6211
2009,MK09 South Karelia,Employed,Total,51692
2009,MK09 South Karelia,Employed,7-8 Master's or equivalent level or doctoral or equivalent level,4747
2009,MK09 South Karelia,Unemployed,Total,8865
2009,MK09 South Karelia,Unemployed,7-8 Master's or equivalent level or doctoral or equivalent level,258
2009,MK04 Satakunta,Total,Total,226116
2009,MK04 Satakunta,Total,7-8 Master's or equivalent level or doctoral or equivalent level,8463
2009,MK04 Satakunta,Employed,Total,91590
2009,MK04 Satakunta,Employed,7-8 Master's or equivalent level or doctoral or equivalent level,6612
2009,MK04 Satakunta,Unemployed,Total,13326
2009,MK04 Satakunta,Unemployed,7-8 Master's or equivalent level or doctoral or equivalent level,270
2009,MK06 Pirkanmaa,Total,Total,488295
2009,MK06 Pirkanmaa,Total,7-8 Master's or equivalent level or doctoral or equivalent level,34629
2009,MK06 Pirkanmaa,Employed,Total,205273
2009,MK06 Pirkanmaa,Employed,7-8 Master's or equivalent level or doctoral or equivalent level,27457
2009,MK06 Pirkanmaa,Unemployed,Total,32570
2009,MK06 Pirkanmaa,Unemployed,7-8 Master's or equivalent level or doctoral or equivalent level,1742
2009,MK13 Central Finland,Total,Total,270195
2009,MK13 Central Finland,Total,7-8 Master's or equivalent level or doctoral or equivalent level,16281
2009,MK13 Central Finland,Employed,Total,107575
2009,MK13 Central Finland,Employed,7-8 Master's or equivalent level or doctoral or equivalent level,12619
2009,MK13 Central Finland,Unemployed,Total,18200
2009,MK13 Central Finland,Unemployed,7-8 Master's or equivalent level or doctoral or equivalent level,844
2009,MK14 South Ostrobothnia,Total,Total,198477
2009,MK14 South Ostrobothnia,Total,7-8 Master's or equivalent level or doctoral or equivalent level,6446
2009,MK14 South Ostrobothnia,Employed,Total,80211
2009,MK14 South Ostrobothnia,Employed,7-8 Master's or equivalent level or doctoral or equivalent level,5282
2009,MK14 South Ostrobothnia,Unemployed,Total,10507
2009,MK14 South Ostrobothnia,Unemployed,7-8 Master's or equivalent level or doctoral or equivalent level,169
2009,MK15 Ostrobothnia,Total,Total,172085
2009,MK15 Ostrobothnia,Total,7-8 Master's or equivalent level or doctoral or equivalent level,9547
2009,MK15 Ostrobothnia,Employed,Total,75590
2009,MK15 Ostrobothnia,Employed,7-8 Master's or equivalent level or doctoral or equivalent level,7930
2009,MK15 Ostrobothnia,Unemployed,Total,6693
2009,MK15 Ostrobothnia,Unemployed,7-8 Master's or equivalent level or doctoral or equivalent level,266
2009,MK10 South Savo,Total,Total,146979
2009,MK10 South Savo,Total,7-8 Master's or equivalent level or doctoral or equivalent level,5766
2009,MK10 South Savo,Employed,Total,56408
2009,MK10 South Savo,Employed,7-8 Master's or equivalent level or doctoral or equivalent level,4327
2009,MK10 South Savo,Unemployed,Total,8783
2009,MK10 South Savo,Unemployed,7-8 Master's or equivalent level or doctoral or equivalent level,173
2009,MK11 North Savo,Total,Total,253605
2009,MK11 North Savo,Total,7-8 Master's or equivalent level or doctoral or equivalent level,12394
2009,MK11 North Savo,Employed,Total,98758
2009,MK11 North Savo,Employed,7-8 Master's or equivalent level or doctoral or equivalent level,9981
2009,MK11 North Savo,Unemployed,Total,16062
2009,MK11 North Savo,Unemployed,7-8 Master's or equivalent level or doctoral or equivalent level,437
2009,MK12 North Karelia,Total,Total,169937
2009,MK12 North Karelia,Total,7-8 Master's or equivalent level or doctoral or equivalent level,7790
2009,MK12 North Karelia,Employed,Total,62966
2009,MK12 North Karelia,Employed,7-8 Master's or equivalent level or doctoral or equivalent level,5986
2009,MK12 North Karelia,Unemployed,Total,12586
2009,MK12 North Karelia,Unemployed,7-8 Master's or equivalent level or doctoral or equivalent level,371
2009,MK16 Central Ostrobothnia,Total,Total,68131
2009,MK16 Central Ostrobothnia,Total,7-8 Master's or equivalent level or doctoral or equivalent level,2457
2009,MK16 Central Ostrobothnia,Employed,Total,27888
2009,MK16 Central Ostrobothnia,Employed,7-8 Master's or equivalent level or doctoral or equivalent level,2045
2009,MK16 Central Ostrobothnia,Unemployed,Total,3318
2009,MK16 Central Ostrobothnia,Unemployed,7-8 Master's or equivalent level or doctoral or equivalent level,66
2009,MK17 North Ostrobothnia,Total,Total,395510
2009,MK17 North Ostrobothnia,Total,7-8 Master's or equivalent level or doctoral or equivalent level,23273
2009,MK17 North Ostrobothnia,Employed,Total,155633
2009,MK17 North Ostrobothnia,Employed,7-8 Master's or equivalent level or doctoral or equivalent level,18982
2009,MK17 North Ostrobothnia,Unemployed,Total,24630
2009,MK17 North Ostrobothnia,Unemployed,7-8 Master's or equivalent level or doctoral or equivalent level,1076
2009,MK18 Kainuu,Total,Total,79234
2009,MK18 Kainuu,Total,7-8 Master's or equivalent level or doctoral or equivalent level,2945
2009,MK18 Kainuu,Employed,Total,29125
2009,MK18 Kainuu,Employed,7-8 Master's or equivalent level or doctoral or equivalent level,2307
2009,MK18 Kainuu,Unemployed,Total,5653
2009,MK18 Kainuu,Unemployed,7-8 Master's or equivalent level or doctoral or equivalent level,127
2009,MK19 Lapland,Total,Total,183748
2009,MK19 Lapland,Total,7-8 Master's or equivalent level or doctoral or equivalent level,7310
2009,MK19 Lapland,Employed,Total,69818
2009,MK19 Lapland,Employed,7-8 Master's or equivalent level or doctoral or equivalent level,5789
2009,MK19 Lapland,Unemployed,Total,12959
2009,MK19 Lapland,Unemployed,7-8 Master's or equivalent level or doctoral or equivalent level,301
2009,MK21 Åland,Total,Total,27734
2009,MK21 Åland,Total,7-8 Master's or equivalent level or doctoral or equivalent level,1078
2009,MK21 Åland,Employed,Total,13687
2009,MK21 Åland,Employed,7-8 Master's or equivalent level or doctoral or equivalent level,845
2009,MK21 Åland,Unemployed,Total,461
2009,MK21 Åland,Unemployed,7-8 Master's or equivalent level or doctoral or equivalent level,17
2010,MK01 Uusimaa,Total,Total,1532309
2010,MK01 Uusimaa,Total,7-8 Master's or equivalent level or doctoral or equivalent level,171944
2010,MK01 Uusimaa,Employed,Total,744820
2010,MK01 Uusimaa,Employed,7-8 Master's or equivalent level or doctoral or equivalent level,134452
2010,MK01 Uusimaa,Unemployed,Total,59111
2010,MK01 Uusimaa,Unemployed,7-8 Master's or equivalent level or doctoral or equivalent level,5188
2010,MK02 Southwest Finland,Total,Total,465183
2010,MK02 Southwest Finland,Total,7-8 Master's or equivalent level or doctoral or equivalent level,32013
2010,MK02 Southwest Finland,Employed,Total,202007
2010,MK02 Southwest Finland,Employed,7-8 Master's or equivalent level or doctoral or equivalent level,24486
2010,MK02 Southwest Finland,Unemployed,Total,23372
2010,MK02 Southwest Finland,Unemployed,7-8 Master's or equivalent level or doctoral or equivalent level,1218
2010,MK05 Kanta-Häme,Total,Total,174555
2010,MK05 Kanta-Häme,Total,7-8 Master's or equivalent level or doctoral or equivalent level,8534
2010,MK05 Kanta-Häme,Employed,Total,75133
2010,MK05 Kanta-Häme,Employed,7-8 Master's or equivalent level or doctoral or equivalent level,6556
2010,MK05 Kanta-Häme,Unemployed,Total,8756
2010,MK05 Kanta-Häme,Unemployed,7-8 Master's or equivalent level or doctoral or equivalent level,215
2010,MK07 Päijät-Häme,Total,Total,208777
2010,MK07 Päijät-Häme,Total,7-8 Master's or equivalent level or doctoral or equivalent level,8993
2010,MK07 Päijät-Häme,Employed,Total,85166
2010,MK07 Päijät-Häme,Employed,7-8 Master's or equivalent level or doctoral or equivalent level,6770
2010,MK07 Päijät-Häme,Unemployed,Total,12845
2010,MK07 Päijät-Häme,Unemployed,7-8 Master's or equivalent level or doctoral or equivalent level,302
2010,MK08 Kymenlaakso,Total,Total,175377
2010,MK08 Kymenlaakso,Total,7-8 Master's or equivalent level or doctoral or equivalent level,6890
2010,MK08 Kymenlaakso,Employed,Total,69323
2010,MK08 Kymenlaakso,Employed,7-8 Master's or equivalent level or doctoral or equivalent level,4981
2010,MK08 Kymenlaakso,Unemployed,Total,10742
2010,MK08 Kymenlaakso,Unemployed,7-8 Master's or equivalent level or doctoral or equivalent level,243
2010,MK09 South Karelia,Total,Total,132899
2010,MK09 South Karelia,Total,7-8 Master's or equivalent level or doctoral or equivalent level,6520
2010,MK09 South Karelia,Employed,Total,52523
2010,MK09 South Karelia,Employed,7-8 Master's or equivalent level or doctoral or equivalent level,4895
2010,MK09 South Karelia,Unemployed,Total,8133
2010,MK09 South Karelia,Unemployed,7-8 Master's or equivalent level or doctoral or equivalent level,307
2010,MK04 Satakunta,Total,Total,225762
2010,MK04 Satakunta,Total,7-8 Master's or equivalent level or doctoral or equivalent level,8782
2010,MK04 Satakunta,Employed,Total,92324
2010,MK04 Satakunta,Employed,7-8 Master's or equivalent level or doctoral or equivalent level,6866
2010,MK04 Satakunta,Unemployed,Total,12163
2010,MK04 Satakunta,Unemployed,7-8 Master's or equivalent level or doctoral or equivalent level,237
2010,MK06 Pirkanmaa,Total,Total,491746
2010,MK06 Pirkanmaa,Total,7-8 Master's or equivalent level or doctoral or equivalent level,36376
2010,MK06 Pirkanmaa,Employed,Total,210523
2010,MK06 Pirkanmaa,Employed,7-8 Master's or equivalent level or doctoral or equivalent level,28854
2010,MK06 Pirkanmaa,Unemployed,Total,28348
2010,MK06 Pirkanmaa,Unemployed,7-8 Master's or equivalent level or doctoral or equivalent level,1674
2010,MK13 Central Finland,Total,Total,271083
2010,MK13 Central Finland,Total,7-8 Master's or equivalent level or doctoral or equivalent level,16808
2010,MK13 Central Finland,Employed,Total,109955
2010,MK13 Central Finland,Employed,7-8 Master's or equivalent level or doctoral or equivalent level,13039
2010,MK13 Central Finland,Unemployed,Total,16609
2010,MK13 Central Finland,Unemployed,7-8 Master's or equivalent level or doctoral or equivalent level,794
2010,MK14 South Ostrobothnia,Total,Total,198469
2010,MK14 South Ostrobothnia,Total,7-8 Master's or equivalent level or doctoral or equivalent level,6684
2010,MK14 South Ostrobothnia,Employed,Total,82214
2010,MK14 South Ostrobothnia,Employed,7-8 Master's or equivalent level or doctoral or equivalent level,5491
2010,MK14 South Ostrobothnia,Unemployed,Total,8307
2010,MK14 South Ostrobothnia,Unemployed,7-8 Master's or equivalent level or doctoral or equivalent level,167
2010,MK15 Ostrobothnia,Total,Total,172981
2010,MK15 Ostrobothnia,Total,7-8 Master's or equivalent level or doctoral or equivalent level,9902
2010,MK15 Ostrobothnia,Employed,Total,77214
2010,MK15 Ostrobothnia,Employed,7-8 Master's or equivalent level or doctoral or equivalent level,8228
2010,MK15 Ostrobothnia,Unemployed,Total,5543
2010,MK15 Ostrobothnia,Unemployed,7-8 Master's or equivalent level or doctoral or equivalent level,225
2010,MK10 South Savo,Total,Total,146166
2010,MK10 South Savo,Total,7-8 Master's or equivalent level or doctoral or equivalent level,5962
2010,MK10 South Savo,Employed,Total,56830
2010,MK10 South Savo,Employed,7-8 Master's or equivalent level or doctoral or equivalent level,4446
2010,MK10 South Savo,Unemployed,Total,7914
2010,MK10 South Savo,Unemployed,7-8 Master's or equivalent level or doctoral or equivalent level,169
2010,MK11 North Savo,Total,Total,253337
2010,MK11 North Savo,Total,7-8 Master's or equivalent level or doctoral or equivalent level,12785
2010,MK11 North Savo,Employed,Total,100604
2010,MK11 North Savo,Employed,7-8 Master's or equivalent level or doctoral or equivalent level,10234
2010,MK11 North Savo,Unemployed,Total,14095
2010,MK11 North Savo,Unemployed,7-8 Master's or equivalent level or doctoral or equivalent level,430
2010,MK12 North Karelia,Total,Total,169778
2010,MK12 North Karelia,Total,7-8 Master's or equivalent level or doctoral or equivalent level,8056
2010,MK12 North Karelia,Employed,Total,64465
2010,MK12 North Karelia,Employed,7-8 Master's or equivalent level or doctoral or equivalent level,6188
2010,MK12 North Karelia,Unemployed,Total,10992
2010,MK12 North Karelia,Unemployed,7-8 Master's or equivalent level or doctoral or equivalent level,386
2010,MK16 Central Ostrobothnia,Total,Total,68321
2010,MK16 Central Ostrobothnia,Total,7-8 Master's or equivalent level or doctoral or equivalent level,2562
2010,MK16 Central Ostrobothnia,Employed,Total,28475
2010,MK16 Central Ostrobothnia,Employed,7-8 Master's or equivalent level or doctoral or equivalent level,2123
2010,MK16 Central Ostrobothnia,Unemployed,Total,2688
2010,MK16 Central Ostrobothnia,Unemployed,7-8 Master's or equivalent level or doctoral or equivalent level,66
2010,MK17 North Ostrobothnia,Total,Total,398335
2010,MK17 North Ostrobothnia,Total,7-8 Master's or equivalent level or doctoral or equivalent level,24201
2010,MK17 North Ostrobothnia,Employed,Total,159634
2010,MK17 North Ostrobothnia,Employed,7-8 Master's or equivalent level or doctoral or equivalent level,19716
2010,MK17 North Ostrobothnia,Unemployed,Total,21618
2010,MK17 North Ostrobothnia,Unemployed,7-8 Master's or equivalent level or doctoral or equivalent level,986
2010,MK18 Kainuu,Total,Total,78703
2010,MK18 Kainuu,Total,7-8 Master's or equivalent level or doctoral or equivalent level,2989
2010,MK18 Kainuu,Employed,Total,29554
2010,MK18 Kainuu,Employed,7-8 Master's or equivalent level or doctoral or equivalent level,2345
2010,MK18 Kainuu,Unemployed,Total,5114
2010,MK18 Kainuu,Unemployed,7-8 Master's or equivalent level or doctoral or equivalent level,103
2010,MK19 Lapland,Total,Total,183488
2010,MK19 Lapland,Total,7-8 Master's or equivalent level or doctoral or equivalent level,7597
2010,MK19 Lapland,Employed,Total,71229
2010,MK19 Lapland,Employed,7-8 Master's or equivalent level or doctoral or equivalent level,6011
2010,MK19 Lapland,Unemployed,Total,11439
2010,MK19 Lapland,Unemployed,7-8 Master's or equivalent level or doctoral or equivalent level,264
2010,MK21 Åland,Total,Total,28007
2010,MK21 Åland,Total,7-8 Master's or equivalent level or doctoral or equivalent level,1104
2010,MK21 Åland,Employed,Total,13686
2010,MK21 Åland,Employed,7-8 Master's or equivalent level or doctoral or equivalent level,866
2010,MK21 Åland,Unemployed,Total,446
2010,MK21 Åland,Unemployed,7-8 Master's or equivalent level or doctoral or equivalent level,15
2011,MK01 Uusimaa,Total,Total,1549058
2011,MK01 Uusimaa,Total,7-8 Master's or equivalent level or doctoral or equivalent level,177474
2011,MK01 Uusimaa,Employed,Total,755479
2011,MK01 Uusimaa,Employed,7-8 Master's or equivalent level or doctoral or equivalent level,138088
2011,MK01 Uusimaa,Unemployed,Total,57140
2011,MK01 Uusimaa,Unemployed,7-8 Master's or equivalent level or doctoral or equivalent level,5274
2011,MK02 Southwest Finland,Total,Total,467217
2011,MK02 Southwest Finland,Total,7-8 Master's or equivalent level or doctoral or equivalent level,32987
2011,MK02 Southwest Finland,Employed,Total,204877
2011,MK02 Southwest Finland,Employed,7-8 Master's or equivalent level or doctoral or equivalent level,25053
2011,MK02 Southwest Finland,Unemployed,Total,21879
2011,MK02 Southwest Finland,Unemployed,7-8 Master's or equivalent level or doctoral or equivalent level,1295
2011,MK05 Kanta-Häme,Total,Total,175230
2011,MK05 Kanta-Häme,Total,7-8 Master's or equivalent level or doctoral or equivalent level,8832
2011,MK05 Kanta-Häme,Employed,Total,76045
2011,MK05 Kanta-Häme,Employed,7-8 Master's or equivalent level or doctoral or equivalent level,6736
2011,MK05 Kanta-Häme,Unemployed,Total,7877
2011,MK05 Kanta-Häme,Unemployed,7-8 Master's or equivalent level or doctoral or equivalent level,193
2011,MK07 Päijät-Häme,Total,Total,209238
2011,MK07 Päijät-Häme,Total,7-8 Master's or equivalent level or doctoral or equivalent level,9368
2011,MK07 Päijät-Häme,Employed,Total,86210
2011,MK07 Päijät-Häme,Employed,7-8 Master's or equivalent level or doctoral or equivalent level,7014
2011,MK07 Päijät-Häme,Unemployed,Total,12053
2011,MK07 Päijät-Häme,Unemployed,7-8 Master's or equivalent level or doctoral or equivalent level,326
2011,MK08 Kymenlaakso,Total,Total,174827
2011,MK08 Kymenlaakso,Total,7-8 Master's or equivalent level or doctoral or equivalent level,7067
2011,MK08 Kymenlaakso,Employed,Total,68869
2011,MK08 Kymenlaakso,Employed,7-8 Master's or equivalent level or doctoral or equivalent level,5083
2011,MK08 Kymenlaakso,Unemployed,Total,10823
2011,MK08 Kymenlaakso,Unemployed,7-8 Master's or equivalent level or doctoral or equivalent level,241
2011,MK09 South Karelia,Total,Total,132527
2011,MK09 South Karelia,Total,7-8 Master's or equivalent level or doctoral or equivalent level,6693
2011,MK09 South Karelia,Employed,Total,53192
2011,MK09 South Karelia,Employed,7-8 Master's or equivalent level or doctoral or equivalent level,5071
2011,MK09 South Karelia,Unemployed,Total,7704
2011,MK09 South Karelia,Unemployed,7-8 Master's or equivalent level or doctoral or equivalent level,266
2011,MK04 Satakunta,Total,Total,225302
2011,MK04 Satakunta,Total,7-8 Master's or equivalent level or doctoral or equivalent level,9079
2011,MK04 Satakunta,Employed,Total,92849
2011,MK04 Satakunta,Employed,7-8 Master's or equivalent level or doctoral or equivalent level,7079
2011,MK04 Satakunta,Unemployed,Total,11352
2011,MK04 Satakunta,Unemployed,7-8 Master's or equivalent level or doctoral or equivalent level,218
2011,MK06 Pirkanmaa,Total,Total,495242
2011,MK06 Pirkanmaa,Total,7-8 Master's or equivalent level or doctoral or equivalent level,37463
2011,MK06 Pirkanmaa,Employed,Total,214975
2011,MK06 Pirkanmaa,Employed,7-8 Master's or equivalent level or doctoral or equivalent level,29771
2011,MK06 Pirkanmaa,Unemployed,Total,26037
2011,MK06 Pirkanmaa,Unemployed,7-8 Master's or equivalent level or doctoral or equivalent level,1583
2011,MK13 Central Finland,Total,Total,271874
2011,MK13 Central Finland,Total,7-8 Master's or equivalent level or doctoral or equivalent level,17417
2011,MK13 Central Finland,Employed,Total,110648
2011,MK13 Central Finland,Employed,7-8 Master's or equivalent level or doctoral or equivalent level,13462
2011,MK13 Central Finland,Unemployed,Total,16769
2011,MK13 Central Finland,Unemployed,7-8 Master's or equivalent level or doctoral or equivalent level,824
2011,MK14 South Ostrobothnia,Total,Total,198671
2011,MK14 South Ostrobothnia,Total,7-8 Master's or equivalent level or doctoral or equivalent level,7000
2011,MK14 South Ostrobothnia,Employed,Total,82983
2011,MK14 South Ostrobothnia,Employed,7-8 Master's or equivalent level or doctoral or equivalent level,5755
2011,MK14 South Ostrobothnia,Unemployed,Total,7872
2011,MK14 South Ostrobothnia,Unemployed,7-8 Master's or equivalent level or doctoral or equivalent level,139
2011,MK15 Ostrobothnia,Total,Total,174170
2011,MK15 Ostrobothnia,Total,7-8 Master's or equivalent level or doctoral or equivalent level,10328
2011,MK15 Ostrobothnia,Employed,Total,78513
2011,MK15 Ostrobothnia,Employed,7-8 Master's or equivalent level or doctoral or equivalent level,8571
2011,MK15 Ostrobothnia,Unemployed,Total,5269
2011,MK15 Ostrobothnia,Unemployed,7-8 Master's or equivalent level or doctoral or equivalent level,255
2011,MK10 South Savo,Total,Total,145353
2011,MK10 South Savo,Total,7-8 Master's or equivalent level or doctoral or equivalent level,6143
2011,MK10 South Savo,Employed,Total,56744
2011,MK10 South Savo,Employed,7-8 Master's or equivalent level or doctoral or equivalent level,4527
2011,MK10 South Savo,Unemployed,Total,7664
2011,MK10 South Savo,Unemployed,7-8 Master's or equivalent level or doctoral or equivalent level,170
2011,MK11 North Savo,Total,Total,253472
2011,MK11 North Savo,Total,7-8 Master's or equivalent level or doctoral or equivalent level,13207
2011,MK11 North Savo,Employed,Total,102079
2011,MK11 North Savo,Employed,7-8 Master's or equivalent level or doctoral or equivalent level,10500
2011,MK11 North Savo,Unemployed,Total,13131
2011,MK11 North Savo,Unemployed,7-8 Master's or equivalent level or doctoral or equivalent level,433
2011,MK12 North Karelia,Total,Total,169733
2011,MK12 North Karelia,Total,7-8 Master's or equivalent level or doctoral or equivalent level,8303
2011,MK12 North Karelia,Employed,Total,64596
2011,MK12 North Karelia,Employed,7-8 Master's or equivalent level or doctoral or equivalent level,6295
2011,MK12 North Karelia,Unemployed,Total,11191
2011,MK12 North Karelia,Unemployed,7-8 Master's or equivalent level or doctoral or equivalent level,412
2011,MK16 Central Ostrobothnia,Total,Total,68484
2011,MK16 Central Ostrobothnia,Total,7-8 Master's or equivalent level or doctoral or equivalent level,2655
2011,MK16 Central Ostrobothnia,Employed,Total,28620
2011,MK16 Central Ostrobothnia,Employed,7-8 Master's or equivalent level or doctoral or equivalent level,2187
2011,MK16 Central Ostrobothnia,Unemployed,Total,2742
2011,MK16 Central Ostrobothnia,Unemployed,7-8 Master's or equivalent level or doctoral or equivalent level,55
2011,MK17 North Ostrobothnia,Total,Total,401201
2011,MK17 North Ostrobothnia,Total,7-8 Master's or equivalent level or doctoral or equivalent level,24996
2011,MK17 North Ostrobothnia,Employed,Total,162404
2011,MK17 North Ostrobothnia,Employed,7-8 Master's or equivalent level or doctoral or equivalent level,20221
2011,MK17 North Ostrobothnia,Unemployed,Total,21139
2011,MK17 North Ostrobothnia,Unemployed,7-8 Master's or equivalent level or doctoral or equivalent level,1056
2011,MK18 Kainuu,Total,Total,77984
2011,MK18 Kainuu,Total,7-8 Master's or equivalent level or doctoral or equivalent level,3072
2011,MK18 Kainuu,Employed,Total,29749
2011,MK18 Kainuu,Employed,7-8 Master's or equivalent level or doctoral or equivalent level,2391
2011,MK18 Kainuu,Unemployed,Total,4677
2011,MK18 Kainuu,Unemployed,7-8 Master's or equivalent level or doctoral or equivalent level,116
2011,MK19 Lapland,Total,Total,183330
2011,MK19 Lapland,Total,7-8 Master's or equivalent level or doctoral or equivalent level,7942
2011,MK19 Lapland,Employed,Total,71590
2011,MK19 Lapland,Employed,7-8 Master's or equivalent level or doctoral or equivalent level,6262
2011,MK19 Lapland,Unemployed,Total,11001
2011,MK19 Lapland,Unemployed,7-8 Master's or equivalent level or doctoral or equivalent level,254
2011,MK21 Åland,Total,Total,28354
2011,MK21 Åland,Total,7-8 Master's or equivalent level or doctoral or equivalent level,1125
2011,MK21 Åland,Employed,Total,14000
2011,MK21 Åland,Employed,7-8 Master's or equivalent level or doctoral or equivalent level,866
2011,MK21 Åland,Unemployed,Total,422
2011,MK21 Åland,Unemployed,7-8 Master's or equivalent level or doctoral or equivalent level,14
2012,MK01 Uusimaa,Total,Total,1566835
2012,MK01 Uusimaa,Total,7-8 Master's or equivalent level or doctoral or equivalent level,183748
2012,MK01 Uusimaa,Employed,Total,757522
2012,MK01 Uusimaa,Employed,7-8 Master's or equivalent level or doctoral or equivalent level,141327
2012,MK01 Uusimaa,Unemployed,Total,63335
2012,MK01 Uusimaa,Unemployed,7-8 Master's or equivalent level or doctoral or equivalent level,6619
2012,MK02 Southwest Finland,Total,Total,468936
2012,MK02 Southwest Finland,Total,7-8 Master's or equivalent level or doctoral or equivalent level,33998
2012,MK02 Southwest Finland,Employed,Total,201618
2012,MK02 Southwest Finland,Employed,7-8 Master's or equivalent level or doctoral or equivalent level,25505
2012,MK02 Southwest Finland,Unemployed,Total,25138
2012,MK02 Southwest Finland,Unemployed,7-8 Master's or equivalent level or doctoral or equivalent level,1512
2012,MK05 Kanta-Häme,Total,Total,175472
2012,MK05 Kanta-Häme,Total,7-8 Master's or equivalent level or doctoral or equivalent level,9114
2012,MK05 Kanta-Häme,Employed,Total,75464
2012,MK05 Kanta-Häme,Employed,7-8 Master's or equivalent level or doctoral or equivalent level,6878
2012,MK05 Kanta-Häme,Unemployed,Total,8387
2012,MK05 Kanta-Häme,Unemployed,7-8 Master's or equivalent level or doctoral or equivalent level,246
2012,MK07 Päijät-Häme,Total,Total,209503
2012,MK07 Päijät-Häme,Total,7-8 Master's or equivalent level or doctoral or equivalent level,9697
2012,MK07 Päijät-Häme,Employed,Total,85365
2012,MK07 Päijät-Häme,Employed,7-8 Master's or equivalent level or doctoral or equivalent level,7168
2012,MK07 Päijät-Häme,Unemployed,Total,13009
2012,MK07 Päijät-Häme,Unemployed,7-8 Master's or equivalent level or doctoral or equivalent level,405
2012,MK08 Kymenlaakso,Total,Total,174466
2012,MK08 Kymenlaakso,Total,7-8 Master's or equivalent level or doctoral or equivalent level,7204
2012,MK08 Kymenlaakso,Employed,Total,67797
2012,MK08 Kymenlaakso,Employed,7-8 Master's or equivalent level or doctoral or equivalent level,5101
2012,MK08 Kymenlaakso,Unemployed,Total,11389
2012,MK08 Kymenlaakso,Unemployed,7-8 Master's or equivalent level or doctoral or equivalent level,307
2012,MK09 South Karelia,Total,Total,132355
2012,MK09 South Karelia,Total,7-8 Master's or equivalent level or doctoral or equivalent level,6940
2012,MK09 South Karelia,Employed,Total,52759
2012,MK09 South Karelia,Employed,7-8 Master's or equivalent level or doctoral or equivalent level,5210
2012,MK09 South Karelia,Unemployed,Total,8159
2012,MK09 South Karelia,Unemployed,7-8 Master's or equivalent level or doctoral or equivalent level,317
2012,MK04 Satakunta,Total,Total,224934
2012,MK04 Satakunta,Total,7-8 Master's or equivalent level or doctoral or equivalent level,9356
2012,MK04 Satakunta,Employed,Total,91569
2012,MK04 Satakunta,Employed,7-8 Master's or equivalent level or doctoral or equivalent level,7230
2012,MK04 Satakunta,Unemployed,Total,12284
2012,MK04 Satakunta,Unemployed,7-8 Master's or equivalent level or doctoral or equivalent level,280
2012,MK06 Pirkanmaa,Total,Total,499006
2012,MK06 Pirkanmaa,Total,7-8 Master's or equivalent level or doctoral or equivalent level,39034
2012,MK06 Pirkanmaa,Employed,Total,213627
2012,MK06 Pirkanmaa,Employed,7-8 Master's or equivalent level or doctoral or equivalent level,30401
2012,MK06 Pirkanmaa,Unemployed,Total,29205
2012,MK06 Pirkanmaa,Unemployed,7-8 Master's or equivalent level or doctoral or equivalent level,2019
2012,MK13 Central Finland,Total,Total,272723
2012,MK13 Central Finland,Total,7-8 Master's or equivalent level or doctoral or equivalent level,18011
2012,MK13 Central Finland,Employed,Total,109079
2012,MK13 Central Finland,Employed,7-8 Master's or equivalent level or doctoral or equivalent level,13646
2012,MK13 Central Finland,Unemployed,Total,18442
2012,MK13 Central Finland,Unemployed,7-8 Master's or equivalent level or doctoral or equivalent level,922
2012,MK14 South Ostrobothnia,Total,Total,198944
2012,MK14 South Ostrobothnia,Total,7-8 Master's or equivalent level or doctoral or equivalent level,7292
2012,MK14 South Ostrobothnia,Employed,Total,82123
2012,MK14 South Ostrobothnia,Employed,7-8 Master's or equivalent level or doctoral or equivalent level,5954
2012,MK14 South Ostrobothnia,Unemployed,Total,8651
2012,MK14 South Ostrobothnia,Unemployed,7-8 Master's or equivalent level or doctoral or equivalent level,159
2012,MK15 Ostrobothnia,Total,Total,174777
2012,MK15 Ostrobothnia,Total,7-8 Master's or equivalent level or doctoral or equivalent level,10709
2012,MK15 Ostrobothnia,Employed,Total,78499
2012,MK15 Ostrobothnia,Employed,7-8 Master's or equivalent level or doctoral or equivalent level,8882
2012,MK15 Ostrobothnia,Unemployed,Total,5441
2012,MK15 Ostrobothnia,Unemployed,7-8 Master's or equivalent level or doctoral or equivalent level,273
2012,MK10 South Savo,Total,Total,144393
2012,MK10 South Savo,Total,7-8 Master's or equivalent level or doctoral or equivalent level,6322
2012,MK10 South Savo,Employed,Total,55796
2012,MK10 South Savo,Employed,7-8 Master's or equivalent level or doctoral or equivalent level,4605
2012,MK10 South Savo,Unemployed,Total,8110
2012,MK10 South Savo,Unemployed,7-8 Master's or equivalent level or doctoral or equivalent level,214
2012,MK11 North Savo,Total,Total,253524
2012,MK11 North Savo,Total,7-8 Master's or equivalent level or doctoral or equivalent level,13621
2012,MK11 North Savo,Employed,Total,101681
2012,MK11 North Savo,Employed,7-8 Master's or equivalent level or doctoral or equivalent level,10703
2012,MK11 North Savo,Unemployed,Total,14034
2012,MK11 North Savo,Unemployed,7-8 Master's or equivalent level or doctoral or equivalent level,511
2012,MK12 North Karelia,Total,Total,169496
2012,MK12 North Karelia,Total,7-8 Master's or equivalent level or doctoral or equivalent level,8651
2012,MK12 North Karelia,Employed,Total,63818
2012,MK12 North Karelia,Employed,7-8 Master's or equivalent level or doctoral or equivalent level,6451
2012,MK12 North Karelia,Unemployed,Total,11818
2012,MK12 North Karelia,Unemployed,7-8 Master's or equivalent level or doctoral or equivalent level,507
2012,MK16 Central Ostrobothnia,Total,Total,68610
2012,MK16 Central Ostrobothnia,Total,7-8 Master's or equivalent level or doctoral or equivalent level,2789
2012,MK16 Central Ostrobothnia,Employed,Total,28559
2012,MK16 Central Ostrobothnia,Employed,7-8 Master's or equivalent level or doctoral or equivalent level,2295
2012,MK16 Central Ostrobothnia,Unemployed,Total,2792
2012,MK16 Central Ostrobothnia,Unemployed,7-8 Master's or equivalent level or doctoral or equivalent level,53
2012,MK17 North Ostrobothnia,Total,Total,403920
2012,MK17 North Ostrobothnia,Total,7-8 Master's or equivalent level or doctoral or equivalent level,25833
2012,MK17 North Ostrobothnia,Employed,Total,160542
2012,MK17 North Ostrobothnia,Employed,7-8 Master's or equivalent level or doctoral or equivalent level,20508
2012,MK17 North Ostrobothnia,Unemployed,Total,23791
2012,MK17 North Ostrobothnia,Unemployed,7-8 Master's or equivalent level or doctoral or equivalent level,1369
2012,MK18 Kainuu,Total,Total,77435
2012,MK18 Kainuu,Total,7-8 Master's or equivalent level or doctoral or equivalent level,3170
2012,MK18 Kainuu,Employed,Total,29227
2012,MK18 Kainuu,Employed,7-8 Master's or equivalent level or doctoral or equivalent level,2454
2012,MK18 Kainuu,Unemployed,Total,5004
2012,MK18 Kainuu,Unemployed,7-8 Master's or equivalent level or doctoral or equivalent level,109
2012,MK19 Lapland,Total,Total,182844
2012,MK19 Lapland,Total,7-8 Master's or equivalent level or doctoral or equivalent level,8255
2012,MK19 Lapland,Employed,Total,70928
2012,MK19 Lapland,Employed,7-8 Master's or equivalent level or doctoral or equivalent level,6438
2012,MK19 Lapland,Unemployed,Total,11873
2012,MK19 Lapland,Unemployed,7-8 Master's or equivalent level or doctoral or equivalent level,309
2012,MK21 Åland,Total,Total,28501
2012,MK21 Åland,Total,7-8 Master's or equivalent level or doctoral or equivalent level,1144
2012,MK21 Åland,Employed,Total,13931
2012,MK21 Åland,Employed,7-8 Master's or equivalent level or doctoral or equivalent level,877
2012,MK21 Åland,Unemployed,Total,546
2012,MK21 Åland,Unemployed,7-8 Master's or equivalent level or doctoral or equivalent level,28
2013,MK01 Uusimaa,Total,Total,1585473
2013,MK01 Uusimaa,Total,7-8 Master's or equivalent level or doctoral or equivalent level,191708
2013,MK01 Uusimaa,Employed,Total,750579
2013,MK01 Uusimaa,Employed,7-8 Master's or equivalent level or doctoral or equivalent level,144716
2013,MK01 Uusimaa,Unemployed,Total,78316
2013,MK01 Uusimaa,Unemployed,7-8 Master's or equivalent level or doctoral or equivalent level,8952
2013,MK02 Southwest Finland,Total,Total,470880
2013,MK02 Southwest Finland,Total,7-8 Master's or equivalent level or doctoral or equivalent level,35363
2013,MK02 Southwest Finland,Employed,Total,198110
2013,MK02 Southwest Finland,Employed,7-8 Master's or equivalent level or doctoral or equivalent level,26083
2013,MK02 Southwest Finland,Unemployed,Total,28646
2013,MK02 Southwest Finland,Unemployed,7-8 Master's or equivalent level or doctoral or equivalent level,1926
2013,MK05 Kanta-Häme,Total,Total,175481
2013,MK05 Kanta-Häme,Total,7-8 Master's or equivalent level or doctoral or equivalent level,9447
2013,MK05 Kanta-Häme,Employed,Total,73778
2013,MK05 Kanta-Häme,Employed,7-8 Master's or equivalent level or doctoral or equivalent level,6991
2013,MK05 Kanta-Häme,Unemployed,Total,9718
2013,MK05 Kanta-Häme,Unemployed,7-8 Master's or equivalent level or doctoral or equivalent level,321
2013,MK07 Päijät-Häme,Total,Total,209405
2013,MK07 Päijät-Häme,Total,7-8 Master's or equivalent level or doctoral or equivalent level,10097
2013,MK07 Päijät-Häme,Employed,Total,82781
2013,MK07 Päijät-Häme,Employed,7-8 Master's or equivalent level or doctoral or equivalent level,7332
2013,MK07 Päijät-Häme,Unemployed,Total,14705
2013,MK07 Päijät-Häme,Unemployed,7-8 Master's or equivalent level or doctoral or equivalent level,456
2013,MK08 Kymenlaakso,Total,Total,173864
2013,MK08 Kymenlaakso,Total,7-8 Master's or equivalent level or doctoral or equivalent level,7460
2013,MK08 Kymenlaakso,Employed,Total,66095
2013,MK08 Kymenlaakso,Employed,7-8 Master's or equivalent level or doctoral or equivalent level,5203
2013,MK08 Kymenlaakso,Unemployed,Total,12832
2013,MK08 Kymenlaakso,Unemployed,7-8 Master's or equivalent level or doctoral or equivalent level,417
2013,MK09 South Karelia,Total,Total,132252
2013,MK09 South Karelia,Total,7-8 Master's or equivalent level or doctoral or equivalent level,7216
2013,MK09 South Karelia,Employed,Total,52046
2013,MK09 South Karelia,Employed,7-8 Master's or equivalent level or doctoral or equivalent level,5314
2013,MK09 South Karelia,Unemployed,Total,8656
2013,MK09 South Karelia,Unemployed,7-8 Master's or equivalent level or doctoral or equivalent level,417
2013,MK04 Satakunta,Total,Total,224556
2013,MK04 Satakunta,Total,7-8 Master's or equivalent level or doctoral or equivalent level,9700
2013,MK04 Satakunta,Employed,Total,90063
2013,MK04 Satakunta,Employed,7-8 Master's or equivalent level or doctoral or equivalent level,7370
2013,MK04 Satakunta,Unemployed,Total,13413
2013,MK04 Satakunta,Unemployed,7-8 Master's or equivalent level or doctoral or equivalent level,382
2013,MK06 Pirkanmaa,Total,Total,502575
2013,MK06 Pirkanmaa,Total,7-8 Master's or equivalent level or doctoral or equivalent level,40931
2013,MK06 Pirkanmaa,Employed,Total,208741
2013,MK06 Pirkanmaa,Employed,7-8 Master's or equivalent level or doctoral or equivalent level,30963
2013,MK06 Pirkanmaa,Unemployed,Total,35481
2013,MK06 Pirkanmaa,Unemployed,7-8 Master's or equivalent level or doctoral or equivalent level,2758
2013,MK13 Central Finland,Total,Total,272911
2013,MK13 Central Finland,Total,7-8 Master's or equivalent level or doctoral or equivalent level,18648
2013,MK13 Central Finland,Employed,Total,105736
2013,MK13 Central Finland,Employed,7-8 Master's or equivalent level or doctoral or equivalent level,13778
2013,MK13 Central Finland,Unemployed,Total,21686
2013,MK13 Central Finland,Unemployed,7-8 Master's or equivalent level or doctoral or equivalent level,1263
2013,MK14 South Ostrobothnia,Total,Total,198831
2013,MK14 South Ostrobothnia,Total,7-8 Master's or equivalent level or doctoral or equivalent level,7548
2013,MK14 South Ostrobothnia,Employed,Total,80904
2013,MK14 South Ostrobothnia,Employed,7-8 Master's or equivalent level or doctoral or equivalent level,6045
2013,MK14 South Ostrobothnia,Unemployed,Total,9859
2013,MK14 South Ostrobothnia,Unemployed,7-8 Master's or equivalent level or doctoral or equivalent level,262
2013,MK15 Ostrobothnia,Total,Total,175530
2013,MK15 Ostrobothnia,Total,7-8 Master's or equivalent level or doctoral or equivalent level,11252
2013,MK15 Ostrobothnia,Employed,Total,77850
2013,MK15 Ostrobothnia,Employed,7-8 Master's or equivalent level or doctoral or equivalent level,9177
2013,MK15 Ostrobothnia,Unemployed,Total,6719
2013,MK15 Ostrobothnia,Unemployed,7-8 Master's or equivalent level or doctoral or equivalent level,392
2013,MK10 South Savo,Total,Total,143638
2013,MK10 South Savo,Total,7-8 Master's or equivalent level or doctoral or equivalent level,6533
2013,MK10 South Savo,Employed,Total,54454
2013,MK10 South Savo,Employed,7-8 Master's or equivalent level or doctoral or equivalent level,4707
2013,MK10 South Savo,Unemployed,Total,8950
2013,MK10 South Savo,Unemployed,7-8 Master's or equivalent level or doctoral or equivalent level,251
2013,MK11 North Savo,Total,Total,253643
2013,MK11 North Savo,Total,7-8 Master's or equivalent level or doctoral or equivalent level,14160
2013,MK11 North Savo,Employed,Total,99996
2013,MK11 North Savo,Employed,7-8 Master's or equivalent level or doctoral or equivalent level,10961
2013,MK11 North Savo,Unemployed,Total,15518
2013,MK11 North Savo,Unemployed,7-8 Master's or equivalent level or doctoral or equivalent level,601
2013,MK12 North Karelia,Total,Total,169112
2013,MK12 North Karelia,Total,7-8 Master's or equivalent level or doctoral or equivalent level,9006
2013,MK12 North Karelia,Employed,Total,62793
2013,MK12 North Karelia,Employed,7-8 Master's or equivalent level or doctoral or equivalent level,6580
2013,MK12 North Karelia,Unemployed,Total,12580
2013,MK12 North Karelia,Unemployed,7-8 Master's or equivalent level or doctoral or equivalent level,599
2013,MK16 Central Ostrobothnia,Total,Total,68677
2013,MK16 Central Ostrobothnia,Total,7-8 Master's or equivalent level or doctoral or equivalent level,2888
2013,MK16 Central Ostrobothnia,Employed,Total,28204
2013,MK16 Central Ostrobothnia,Employed,7-8 Master's or equivalent level or doctoral or equivalent level,2355
2013,MK16 Central Ostrobothnia,Unemployed,Total,3071
2013,MK16 Central Ostrobothnia,Unemployed,7-8 Master's or equivalent level or doctoral or equivalent level,69
2013,MK17 North Ostrobothnia,Total,Total,406480
2013,MK17 North Ostrobothnia,Total,7-8 Master's or equivalent level or doctoral or equivalent level,26984
2013,MK17 North Ostrobothnia,Employed,Total,158481
2013,MK17 North Ostrobothnia,Employed,7-8 Master's or equivalent level or doctoral or equivalent level,21084
2013,MK17 North Ostrobothnia,Unemployed,Total,27309
2013,MK17 North Ostrobothnia,Unemployed,7-8 Master's or equivalent level or doctoral or equivalent level,1573
2013,MK18 Kainuu,Total,Total,76782
2013,MK18 Kainuu,Total,7-8 Master's or equivalent level or doctoral or equivalent level,3255
2013,MK18 Kainuu,Employed,Total,27928
2013,MK18 Kainuu,Employed,7-8 Master's or equivalent level or doctoral or equivalent level,2466
2013,MK18 Kainuu,Unemployed,Total,6232
2013,MK18 Kainuu,Unemployed,7-8 Master's or equivalent level or doctoral or equivalent level,141
2013,MK19 Lapland,Total,Total,182514
2013,MK19 Lapland,Total,7-8 Master's or equivalent level or doctoral or equivalent level,8611
2013,MK19 Lapland,Employed,Total,69284
2013,MK19 Lapland,Employed,7-8 Master's or equivalent level or doctoral or equivalent level,6657
2013,MK19 Lapland,Unemployed,Total,14097
2013,MK19 Lapland,Unemployed,7-8 Master's or equivalent level or doctoral or equivalent level,404
2013,MK21 Åland,Total,Total,28666
2013,MK21 Åland,Total,7-8 Master's or equivalent level or doctoral or equivalent level,1201
2013,MK21 Åland,Employed,Total,13928
2013,MK21 Åland,Employed,7-8 Master's or equivalent level or doctoral or equivalent level,898
2013,MK21 Åland,Unemployed,Total,583
2013,MK21 Åland,Unemployed,7-8 Master's or equivalent level or doctoral or equivalent level,42
2014,MK01 Uusimaa,Total,Total,1603388
2014,MK01 Uusimaa,Total,7-8 Master's or equivalent level or doctoral or equivalent level,197826
2014,MK01 Uusimaa,Employed,Total,745478
2014,MK01 Uusimaa,Employed,7-8 Master's or equivalent level or doctoral or equivalent level,148235
2014,MK01 Uusimaa,Unemployed,Total,90857
2014,MK01 Uusimaa,Unemployed,7-8 Master's or equivalent level or doctoral or equivalent level,10138
2014,MK02 Southwest Finland,Total,Total,472725
2014,MK02 Southwest Finland,Total,7-8 Master's or equivalent level or doctoral or equivalent level,36461
2014,MK02 Southwest Finland,Employed,Total,195818
2014,MK02 Southwest Finland,Employed,7-8 Master's or equivalent level or doctoral or equivalent level,26522
2014,MK02 Southwest Finland,Unemployed,Total,31446
2014,MK02 Southwest Finland,Unemployed,7-8 Master's or equivalent level or doctoral or equivalent level,2238
2014,MK05 Kanta-Häme,Total,Total,175350
2014,MK05 Kanta-Häme,Total,7-8 Master's or equivalent level or doctoral or equivalent level,9635
2014,MK05 Kanta-Häme,Employed,Total,72638
2014,MK05 Kanta-Häme,Employed,7-8 Master's or equivalent level or doctoral or equivalent level,7097
2014,MK05 Kanta-Häme,Unemployed,Total,10353
2014,MK05 Kanta-Häme,Unemployed,7-8 Master's or equivalent level or doctoral or equivalent level,355
2014,MK07 Päijät-Häme,Total,Total,208959
2014,MK07 Päijät-Häme,Total,7-8 Master's or equivalent level or doctoral or equivalent level,10410
2014,MK07 Päijät-Häme,Employed,Total,80519
2014,MK07 Päijät-Häme,Employed,7-8 Master's or equivalent level or doctoral or equivalent level,7473
2014,MK07 Päijät-Häme,Unemployed,Total,16857
2014,MK07 Päijät-Häme,Unemployed,7-8 Master's or equivalent level or doctoral or equivalent level,553
2014,MK08 Kymenlaakso,Total,Total,172908
2014,MK08 Kymenlaakso,Total,7-8 Master's or equivalent level or doctoral or equivalent level,7647
2014,MK08 Kymenlaakso,Employed,Total,64495
2014,MK08 Kymenlaakso,Employed,7-8 Master's or equivalent level or doctoral or equivalent level,5330
2014,MK08 Kymenlaakso,Unemployed,Total,13731
2014,MK08 Kymenlaakso,Unemployed,7-8 Master's or equivalent level or doctoral or equivalent level,398
2014,MK09 South Karelia,Total,Total,131764
2014,MK09 South Karelia,Total,7-8 Master's or equivalent level or doctoral or equivalent level,7460
2014,MK09 South Karelia,Employed,Total,50919
2014,MK09 South Karelia,Employed,7-8 Master's or equivalent level or doctoral or equivalent level,5475
2014,MK09 South Karelia,Unemployed,Total,9557
2014,MK09 South Karelia,Unemployed,7-8 Master's or equivalent level or doctoral or equivalent level,458
2014,MK04 Satakunta,Total,Total,223983
2014,MK04 Satakunta,Total,7-8 Master's or equivalent level or doctoral or equivalent level,9965
2014,MK04 Satakunta,Employed,Total,87936
2014,MK04 Satakunta,Employed,7-8 Master's or equivalent level or doctoral or equivalent level,7517
2014,MK04 Satakunta,Unemployed,Total,14947
2014,MK04 Satakunta,Unemployed,7-8 Master's or equivalent level or doctoral or equivalent level,405
2014,MK06 Pirkanmaa,Total,Total,505756
2014,MK06 Pirkanmaa,Total,7-8 Master's or equivalent level or doctoral or equivalent level,42463
2014,MK06 Pirkanmaa,Employed,Total,206421
2014,MK06 Pirkanmaa,Employed,7-8 Master's or equivalent level or doctoral or equivalent level,32012
2014,MK06 Pirkanmaa,Unemployed,Total,38625
2014,MK06 Pirkanmaa,Unemployed,7-8 Master's or equivalent level or doctoral or equivalent level,2922
2014,MK13 Central Finland,Total,Total,272986
2014,MK13 Central Finland,Total,7-8 Master's or equivalent level or doctoral or equivalent level,19182
2014,MK13 Central Finland,Employed,Total,104626
2014,MK13 Central Finland,Employed,7-8 Master's or equivalent level or doctoral or equivalent level,14130
2014,MK13 Central Finland,Unemployed,Total,22689
2014,MK13 Central Finland,Unemployed,7-8 Master's or equivalent level or doctoral or equivalent level,1263
2014,MK14 South Ostrobothnia,Total,Total,198242
2014,MK14 South Ostrobothnia,Total,7-8 Master's or equivalent level or doctoral or equivalent level,7783
2014,MK14 South Ostrobothnia,Employed,Total,79190
2014,MK14 South Ostrobothnia,Employed,7-8 Master's or equivalent level or doctoral or equivalent level,6247
2014,MK14 South Ostrobothnia,Unemployed,Total,11039
2014,MK14 South Ostrobothnia,Unemployed,7-8 Master's or equivalent level or doctoral or equivalent level,263
2014,MK15 Ostrobothnia,Total,Total,176314
2014,MK15 Ostrobothnia,Total,7-8 Master's or equivalent level or doctoral or equivalent level,11593
2014,MK15 Ostrobothnia,Employed,Total,77084
2014,MK15 Ostrobothnia,Employed,7-8 Master's or equivalent level or doctoral or equivalent level,9375
2014,MK15 Ostrobothnia,Unemployed,Total,7505
2014,MK15 Ostrobothnia,Unemployed,7-8 Master's or equivalent level or doctoral or equivalent level,433
2014,MK10 South Savo,Total,Total,142746
2014,MK10 South Savo,Total,7-8 Master's or equivalent level or doctoral or equivalent level,6756
2014,MK10 South Savo,Employed,Total,53483
2014,MK10 South Savo,Employed,7-8 Master's or equivalent level or doctoral or equivalent level,4829
2014,MK10 South Savo,Unemployed,Total,9616
2014,MK10 South Savo,Unemployed,7-8 Master's or equivalent level or doctoral or equivalent level,289
2014,MK11 North Savo,Total,Total,253585
2014,MK11 North Savo,Total,7-8 Master's or equivalent level or doctoral or equivalent level,14607
2014,MK11 North Savo,Employed,Total,98367
2014,MK11 North Savo,Employed,7-8 Master's or equivalent level or doctoral or equivalent level,11191
2014,MK11 North Savo,Unemployed,Total,17040
2014,MK11 North Savo,Unemployed,7-8 Master's or equivalent level or doctoral or equivalent level,689
2014,MK12 North Karelia,Total,Total,168896
2014,MK12 North Karelia,Total,7-8 Master's or equivalent level or doctoral or equivalent level,9315
2014,MK12 North Karelia,Employed,Total,62029
2014,MK12 North Karelia,Employed,7-8 Master's or equivalent level or doctoral or equivalent level,6706
2014,MK12 North Karelia,Unemployed,Total,13148
2014,MK12 North Karelia,Unemployed,7-8 Master's or equivalent level or doctoral or equivalent level,722
2014,MK16 Central Ostrobothnia,Total,Total,68832
2014,MK16 Central Ostrobothnia,Total,7-8 Master's or equivalent level or doctoral or equivalent level,3008
2014,MK16 Central Ostrobothnia,Employed,Total,27834
2014,MK16 Central Ostrobothnia,Employed,7-8 Master's or equivalent level or doctoral or equivalent level,2434
2014,MK16 Central Ostrobothnia,Unemployed,Total,3552
2014,MK16 Central Ostrobothnia,Unemployed,7-8 Master's or equivalent level or doctoral or equivalent level,90
2014,MK17 North Ostrobothnia,Total,Total,408536
2014,MK17 North Ostrobothnia,Total,7-8 Master's or equivalent level or doctoral or equivalent level,27916
2014,MK17 North Ostrobothnia,Employed,Total,156594
2014,MK17 North Ostrobothnia,Employed,7-8 Master's or equivalent level or doctoral or equivalent level,21528
2014,MK17 North Ostrobothnia,Unemployed,Total,30138
2014,MK17 North Ostrobothnia,Unemployed,7-8 Master's or equivalent level or doctoral or equivalent level,1855
2014,MK18 Kainuu,Total,Total,76119
2014,MK18 Kainuu,Total,7-8 Master's or equivalent level or doctoral or equivalent level,3333
2014,MK18 Kainuu,Employed,Total,27292
2014,MK18 Kainuu,Employed,7-8 Master's or equivalent level or doctoral or equivalent level,2505
2014,MK18 Kainuu,Unemployed,Total,6530
2014,MK18 Kainuu,Unemployed,7-8 Master's or equivalent level or doctoral or equivalent level,162
2014,MK19 Lapland,Total,Total,181748
2014,MK19 Lapland,Total,7-8 Master's or equivalent level or doctoral or equivalent level,8917
2014,MK19 Lapland,Employed,Total,68864
2014,MK19 Lapland,Employed,7-8 Master's or equivalent level or doctoral or equivalent level,6838
2014,MK19 Lapland,Unemployed,Total,14345
2014,MK19 Lapland,Unemployed,7-8 Master's or equivalent level or doctoral or equivalent level,446
2014,MK21 Åland,Total,Total,28916
2014,MK21 Åland,Total,7-8 Master's or equivalent level or doctoral or equivalent level,1241
2014,MK21 Åland,Employed,Total,14489
2014,MK21 Åland,Employed,7-8 Master's or equivalent level or doctoral or equivalent level,935
2014,MK21 Åland,Unemployed,Total,652
2014,MK21 Åland,Unemployed,7-8 Master's or equivalent level or doctoral or equivalent level,33
2015,MK01 Uusimaa,Total,Total,1620261
2015,MK01 Uusimaa,Total,7-8 Master's or equivalent level or doctoral or equivalent level,203066
2015,MK01 Uusimaa,Employed,Total,745792
2015,MK01 Uusimaa,Employed,7-8 Master's or equivalent level or doctoral or equivalent level,151336
2015,MK01 Uusimaa,Unemployed,Total,97779
2015,MK01 Uusimaa,Unemployed,7-8 Master's or equivalent level or doctoral or equivalent level,10629
2015,MK02 Southwest Finland,Total,Total,474323
2015,MK02 Southwest Finland,Total,7-8 Master's or equivalent level or doctoral or equivalent level,37382
2015,MK02 Southwest Finland,Employed,Total,194561
2015,MK02 Southwest Finland,Employed,7-8 Master's or equivalent level or doctoral or equivalent level,26851
2015,MK02 Southwest Finland,Unemployed,Total,32439
2015,MK02 Southwest Finland,Unemployed,7-8 Master's or equivalent level or doctoral or equivalent level,2424
2015,MK05 Kanta-Häme,Total,Total,174710
2015,MK05 Kanta-Häme,Total,7-8 Master's or equivalent level or doctoral or equivalent level,9797
2015,MK05 Kanta-Häme,Employed,Total,71144
2015,MK05 Kanta-Häme,Employed,7-8 Master's or equivalent level or doctoral or equivalent level,7140
2015,MK05 Kanta-Häme,Unemployed,Total,10572
2015,MK05 Kanta-Häme,Unemployed,7-8 Master's or equivalent level or doctoral or equivalent level,366
2015,MK07 Päijät-Häme,Total,Total,208525
2015,MK07 Päijät-Häme,Total,7-8 Master's or equivalent level or doctoral or equivalent level,10707
2015,MK07 Päijät-Häme,Employed,Total,79826
2015,MK07 Päijät-Häme,Employed,7-8 Master's or equivalent level or doctoral or equivalent level,7609
2015,MK07 Päijät-Häme,Unemployed,Total,16508
2015,MK07 Päijät-Häme,Unemployed,7-8 Master's or equivalent level or doctoral or equivalent level,614
2015,MK08 Kymenlaakso,Total,Total,171778
2015,MK08 Kymenlaakso,Total,7-8 Master's or equivalent level or doctoral or equivalent level,7757
2015,MK08 Kymenlaakso,Employed,Total,62590
2015,MK08 Kymenlaakso,Employed,7-8 Master's or equivalent level or doctoral or equivalent level,5338
2015,MK08 Kymenlaakso,Unemployed,Total,14317
2015,MK08 Kymenlaakso,Unemployed,7-8 Master's or equivalent level or doctoral or equivalent level,423
2015,MK09 South Karelia,Total,Total,131155
2015,MK09 South Karelia,Total,7-8 Master's or equivalent level or doctoral or equivalent level,7595
2015,MK09 South Karelia,Employed,Total,49580
2015,MK09 South Karelia,Employed,7-8 Master's or equivalent level or doctoral or equivalent level,5526
2015,MK09 South Karelia,Unemployed,Total,10192
2015,MK09 South Karelia,Unemployed,7-8 Master's or equivalent level or doctoral or equivalent level,495
2015,MK04 Satakunta,Total,Total,222957
2015,MK04 Satakunta,Total,7-8 Master's or equivalent level or doctoral or equivalent level,10190
2015,MK04 Satakunta,Employed,Total,85596
2015,MK04 Satakunta,Employed,7-8 Master's or equivalent level or doctoral or equivalent level,7565
2015,MK04 Satakunta,Unemployed,Total,15579
2015,MK04 Satakunta,Unemployed,7-8 Master's or equivalent level or doctoral or equivalent level,477
2015,MK06 Pirkanmaa,Total,Total,508448
2015,MK06 Pirkanmaa,Total,7-8 Master's or equivalent level or doctoral or equivalent level,43783
2015,MK06 Pirkanmaa,Employed,Total,205705
2015,MK06 Pirkanmaa,Employed,7-8 Master's or equivalent level or doctoral or equivalent level,32777
2015,MK06 Pirkanmaa,Unemployed,Total,39666
2015,MK06 Pirkanmaa,Unemployed,7-8 Master's or equivalent level or doctoral or equivalent level,3116
2015,MK13 Central Finland,Total,Total,273446
2015,MK13 Central Finland,Total,7-8 Master's or equivalent level or doctoral or equivalent level,19685
2015,MK13 Central Finland,Employed,Total,103954
2015,MK13 Central Finland,Employed,7-8 Master's or equivalent level or doctoral or equivalent level,14378
2015,MK13 Central Finland,Unemployed,Total,22683
2015,MK13 Central Finland,Unemployed,7-8 Master's or equivalent level or doctoral or equivalent level,1357
2015,MK14 South Ostrobothnia,Total,Total,197371
2015,MK14 South Ostrobothnia,Total,7-8 Master's or equivalent level or doctoral or equivalent level,7971
2015,MK14 South Ostrobothnia,Employed,Total,77879
2015,MK14 South Ostrobothnia,Employed,7-8 Master's or equivalent level or doctoral or equivalent level,6319
2015,MK14 South Ostrobothnia,Unemployed,Total,11286
2015,MK14 South Ostrobothnia,Unemployed,7-8 Master's or equivalent level or doctoral or equivalent level,291
2015,MK15 Ostrobothnia,Total,Total,176894
2015,MK15 Ostrobothnia,Total,7-8 Master's or equivalent level or doctoral or equivalent level,11854
2015,MK15 Ostrobothnia,Employed,Total,76218
2015,MK15 Ostrobothnia,Employed,7-8 Master's or equivalent level or doctoral or equivalent level,9472
2015,MK15 Ostrobothnia,Unemployed,Total,7891
2015,MK15 Ostrobothnia,Unemployed,7-8 Master's or equivalent level or doctoral or equivalent level,485
2015,MK10 South Savo,Total,Total,141621
2015,MK10 South Savo,Total,7-8 Master's or equivalent level or doctoral or equivalent level,6856
2015,MK10 South Savo,Employed,Total,51691
2015,MK10 South Savo,Employed,7-8 Master's or equivalent level or doctoral or equivalent level,4829
2015,MK10 South Savo,Unemployed,Total,10197
2015,MK10 South Savo,Unemployed,7-8 Master's or equivalent level or doctoral or equivalent level,326
2015,MK11 North Savo,Total,Total,253239
2015,MK11 North Savo,Total,7-8 Master's or equivalent level or doctoral or equivalent level,14923
2015,MK11 North Savo,Employed,Total,97264
2015,MK11 North Savo,Employed,7-8 Master's or equivalent level or doctoral or equivalent level,11293
2015,MK11 North Savo,Unemployed,Total,17511
2015,MK11 North Savo,Unemployed,7-8 Master's or equivalent level or doctoral or equivalent level,725
2015,MK12 North Karelia,Total,Total,168329
2015,MK12 North Karelia,Total,7-8 Master's or equivalent level or doctoral or equivalent level,9542
2015,MK12 North Karelia,Employed,Total,60682
2015,MK12 North Karelia,Employed,7-8 Master's or equivalent level or doctoral or equivalent level,6802
2015,MK12 North Karelia,Unemployed,Total,13715
2015,MK12 North Karelia,Unemployed,7-8 Master's or equivalent level or doctoral or equivalent level,722
2015,MK16 Central Ostrobothnia,Total,Total,69032
2015,MK16 Central Ostrobothnia,Total,7-8 Master's or equivalent level or doctoral or equivalent level,3082
2015,MK16 Central Ostrobothnia,Employed,Total,27598
2015,MK16 Central Ostrobothnia,Employed,7-8 Master's or equivalent level or doctoral or equivalent level,2496
2015,MK16 Central Ostrobothnia,Unemployed,Total,3653
2015,MK16 Central Ostrobothnia,Unemployed,7-8 Master's or equivalent level or doctoral or equivalent level,91
2015,MK17 North Ostrobothnia,Total,Total,410054
2015,MK17 North Ostrobothnia,Total,7-8 Master's or equivalent level or doctoral or equivalent level,28606
2015,MK17 North Ostrobothnia,Employed,Total,156526
2015,MK17 North Ostrobothnia,Employed,7-8 Master's or equivalent level or doctoral or equivalent level,21970
2015,MK17 North Ostrobothnia,Unemployed,Total,29913
2015,MK17 North Ostrobothnia,Unemployed,7-8 Master's or equivalent level or doctoral or equivalent level,1867
2015,MK18 Kainuu,Total,Total,75324
2015,MK18 Kainuu,Total,7-8 Master's or equivalent level or doctoral or equivalent level,3367
2015,MK18 Kainuu,Employed,Total,27120
2015,MK18 Kainuu,Employed,7-8 Master's or equivalent level or doctoral or equivalent level,2495
2015,MK18 Kainuu,Unemployed,Total,6072
2015,MK18 Kainuu,Unemployed,7-8 Master's or equivalent level or doctoral or equivalent level,160
2015,MK19 Lapland,Total,Total,180858
2015,MK19 Lapland,Total,7-8 Master's or equivalent level or doctoral or equivalent level,9126
2015,MK19 Lapland,Employed,Total,68262
2015,MK19 Lapland,Employed,7-8 Master's or equivalent level or doctoral or equivalent level,6895
2015,MK19 Lapland,Unemployed,Total,14266
2015,MK19 Lapland,Unemployed,7-8 Master's or equivalent level or doctoral or equivalent level,482
2015,MK21 Åland,Total,Total,28983
2015,MK21 Åland,Total,7-8 Master's or equivalent level or doctoral or equivalent level,1224
2015,MK21 Åland,Employed,Total,14471
2015,MK21 Åland,Employed,7-8 Master's or equivalent level or doctoral or equivalent level,916
2015,MK21 Åland,Unemployed,Total,623
2015,MK21 Åland,Unemployed,7-8 Master's or equivalent level or doctoral or equivalent level,28
2016,MK01 Uusimaa,Total,Total,1638293
2016,MK01 Uusimaa,Total,7-8 Master's or equivalent level or doctoral or equivalent level,210006
2016,MK01 Uusimaa,Employed,Total,756611
2016,MK01 Uusimaa,Employed,7-8 Master's or equivalent level or doctoral or equivalent level,156233
2016,MK01 Uusimaa,Unemployed,Total,94013
2016,MK01 Uusimaa,Unemployed,7-8 Master's or equivalent level or doctoral or equivalent level,10671
2016,MK02 Southwest Finland,Total,Total,475543
2016,MK02 Southwest Finland,Total,7-8 Master's or equivalent level or doctoral or equivalent level,38455
2016,MK02 Southwest Finland,Employed,Total,196637
2016,MK02 Southwest Finland,Employed,7-8 Master's or equivalent level or doctoral or equivalent level,27561
2016,MK02 Southwest Finland,Unemployed,Total,30743
2016,MK02 Southwest Finland,Unemployed,7-8 Master's or equivalent level or doctoral or equivalent level,2382
2016,MK05 Kanta-Häme,Total,Total,173781
2016,MK05 Kanta-Häme,Total,7-8 Master's or equivalent level or doctoral or equivalent level,9946
2016,MK05 Kanta-Häme,Employed,Total,70785
2016,MK05 Kanta-Häme,Employed,7-8 Master's or equivalent level or doctoral or equivalent level,7185
2016,MK05 Kanta-Häme,Unemployed,Total,10286
2016,MK05 Kanta-Häme,Unemployed,7-8 Master's or equivalent level or doctoral or equivalent level,383
2016,MK07 Päijät-Häme,Total,Total,208574
2016,MK07 Päijät-Häme,Total,7-8 Master's or equivalent level or doctoral or equivalent level,10999
2016,MK07 Päijät-Häme,Employed,Total,80546
2016,MK07 Päijät-Häme,Employed,7-8 Master's or equivalent level or doctoral or equivalent level,7776
2016,MK07 Päijät-Häme,Unemployed,Total,15450
2016,MK07 Päijät-Häme,Unemployed,7-8 Master's or equivalent level or doctoral or equivalent level,597
2016,MK08 Kymenlaakso,Total,Total,170770
2016,MK08 Kymenlaakso,Total,7-8 Master's or equivalent level or doctoral or equivalent level,7969
2016,MK08 Kymenlaakso,Employed,Total,62425
2016,MK08 Kymenlaakso,Employed,7-8 Master's or equivalent level or doctoral or equivalent level,5480
2016,MK08 Kymenlaakso,Unemployed,Total,13768
2016,MK08 Kymenlaakso,Unemployed,7-8 Master's or equivalent level or doctoral or equivalent level,425
2016,MK09 South Karelia,Total,Total,130506
2016,MK09 South Karelia,Total,7-8 Master's or equivalent level or doctoral or equivalent level,7795
2016,MK09 South Karelia,Employed,Total,49245
2016,MK09 South Karelia,Employed,7-8 Master's or equivalent level or doctoral or equivalent level,5647
2016,MK09 South Karelia,Unemployed,Total,9897
2016,MK09 South Karelia,Unemployed,7-8 Master's or equivalent level or doctoral or equivalent level,474
2016,MK04 Satakunta,Total,Total,221740
2016,MK04 Satakunta,Total,7-8 Master's or equivalent level or doctoral or equivalent level,10384
2016,MK04 Satakunta,Employed,Total,84858
2016,MK04 Satakunta,Employed,7-8 Master's or equivalent level or doctoral or equivalent level,7547
2016,MK04 Satakunta,Unemployed,Total,15155
2016,MK04 Satakunta,Unemployed,7-8 Master's or equivalent level or doctoral or equivalent level,634
2016,MK06 Pirkanmaa,Total,Total,511642
2016,MK06 Pirkanmaa,Total,7-8 Master's or equivalent level or doctoral or equivalent level,45141
2016,MK06 Pirkanmaa,Employed,Total,207975
2016,MK06 Pirkanmaa,Employed,7-8 Master's or equivalent level or doctoral or equivalent level,33781
2016,MK06 Pirkanmaa,Unemployed,Total,37825
2016,MK06 Pirkanmaa,Unemployed,7-8 Master's or equivalent level or doctoral or equivalent level,3025
2016,MK13 Central Finland,Total,Total,273910
2016,MK13 Central Finland,Total,7-8 Master's or equivalent level or doctoral or equivalent level,20219
2016,MK13 Central Finland,Employed,Total,105481
2016,MK13 Central Finland,Employed,7-8 Master's or equivalent level or doctoral or equivalent level,14764
2016,MK13 Central Finland,Unemployed,Total,21227
2016,MK13 Central Finland,Unemployed,7-8 Master's or equivalent level or doctoral or equivalent level,1298
2016,MK14 South Ostrobothnia,Total,Total,196572
2016,MK14 South Ostrobothnia,Total,7-8 Master's or equivalent level or doctoral or equivalent level,8187
2016,MK14 South Ostrobothnia,Employed,Total,78014
2016,MK14 South Ostrobothnia,Employed,7-8 Master's or equivalent level or doctoral or equivalent level,6432
2016,MK14 South Ostrobothnia,Unemployed,Total,10236
2016,MK14 South Ostrobothnia,Unemployed,7-8 Master's or equivalent level or doctoral or equivalent level,273
2016,MK15 Ostrobothnia,Total,Total,176729
2016,MK15 Ostrobothnia,Total,7-8 Master's or equivalent level or doctoral or equivalent level,12161
2016,MK15 Ostrobothnia,Employed,Total,75534
2016,MK15 Ostrobothnia,Employed,7-8 Master's or equivalent level or doctoral or equivalent level,9604
2016,MK15 Ostrobothnia,Unemployed,Total,7946
2016,MK15 Ostrobothnia,Unemployed,7-8 Master's or equivalent level or doctoral or equivalent level,544
2016,MK10 South Savo,Total,Total,140422
2016,MK10 South Savo,Total,7-8 Master's or equivalent level or doctoral or equivalent level,7008
2016,MK10 South Savo,Employed,Total,51991
2016,MK10 South Savo,Employed,7-8 Master's or equivalent level or doctoral or equivalent level,4923
2016,MK10 South Savo,Unemployed,Total,9328
2016,MK10 South Savo,Unemployed,7-8 Master's or equivalent level or doctoral or equivalent level,315
2016,MK11 North Savo,Total,Total,252815
2016,MK11 North Savo,Total,7-8 Master's or equivalent level or doctoral or equivalent level,15355
2016,MK11 North Savo,Employed,Total,98241
2016,MK11 North Savo,Employed,7-8 Master's or equivalent level or doctoral or equivalent level,11577
2016,MK11 North Savo,Unemployed,Total,15913
2016,MK11 North Savo,Unemployed,7-8 Master's or equivalent level or doctoral or equivalent level,675
2016,MK12 North Karelia,Total,Total,167599
2016,MK12 North Karelia,Total,7-8 Master's or equivalent level or doctoral or equivalent level,9795
2016,MK12 North Karelia,Employed,Total,60563
2016,MK12 North Karelia,Employed,7-8 Master's or equivalent level or doctoral or equivalent level,6922
2016,MK12 North Karelia,Unemployed,Total,13383
2016,MK12 North Karelia,Unemployed,7-8 Master's or equivalent level or doctoral or equivalent level,730
2016,MK16 Central Ostrobothnia,Total,Total,69027
2016,MK16 Central Ostrobothnia,Total,7-8 Master's or equivalent level or doctoral or equivalent level,3177
2016,MK16 Central Ostrobothnia,Employed,Total,27405
2016,MK16 Central Ostrobothnia,Employed,7-8 Master's or equivalent level or doctoral or equivalent level,2544
2016,MK16 Central Ostrobothnia,Unemployed,Total,3527
2016,MK16 Central Ostrobothnia,Unemployed,7-8 Master's or equivalent level or doctoral or equivalent level,94
2016,MK17 North Ostrobothnia,Total,Total,411150
2016,MK17 North Ostrobothnia,Total,7-8 Master's or equivalent level or doctoral or equivalent level,29419
2016,MK17 North Ostrobothnia,Employed,Total,158222
2016,MK17 North Ostrobothnia,Employed,7-8 Master's or equivalent level or doctoral or equivalent level,22548
2016,MK17 North Ostrobothnia,Unemployed,Total,28371
2016,MK17 North Ostrobothnia,Unemployed,7-8 Master's or equivalent level or doctoral or equivalent level,1776
2016,MK18 Kainuu,Total,Total,74803
2016,MK18 Kainuu,Total,7-8 Master's or equivalent level or doctoral or equivalent level,3461
2016,MK18 Kainuu,Employed,Total,27536
2016,MK18 Kainuu,Employed,7-8 Master's or equivalent level or doctoral or equivalent level,2558
2016,MK18 Kainuu,Unemployed,Total,5137
2016,MK18 Kainuu,Unemployed,7-8 Master's or equivalent level or doctoral or equivalent level,146
2016,MK19 Lapland,Total,Total,180207
2016,MK19 Lapland,Total,7-8 Master's or equivalent level or doctoral or equivalent level,9392
2016,MK19 Lapland,Employed,Total,69012
2016,MK19 Lapland,Employed,7-8 Master's or equivalent level or doctoral or equivalent level,7137
2016,MK19 Lapland,Unemployed,Total,13080
2016,MK19 Lapland,Unemployed,7-8 Master's or equivalent level or doctoral or equivalent level,450
2016,MK21 Åland,Total,Total,29214
2016,MK21 Åland,Total,7-8 Master's or equivalent level or doctoral or equivalent level,1257
2016,MK21 Åland,Employed,Total,14598
2016,MK21 Åland,Employed,7-8 Master's or equivalent level or doctoral or equivalent level,950
2016,MK21 Åland,Unemployed,Total,552
2016,MK21 Åland,Unemployed,7-8 Master's or equivalent level or doctoral or equivalent level,15
2017,MK01 Uusimaa,Total,Total,1655624
2017,MK01 Uusimaa,Total,7-8 Master's or equivalent level or doctoral or equivalent level,218528
2017,MK01 Uusimaa,Employed,Total,775979
2017,MK01 Uusimaa,Employed,7-8 Master's or equivalent level or doctoral or equivalent level,164165
2017,MK01 Uusimaa,Unemployed,Total,81371
2017,MK01 Uusimaa,Unemployed,7-8 Master's or equivalent level or doctoral or equivalent level,8692
2017,MK02 Southwest Finland,Total,Total,477677
2017,MK02 Southwest Finland,Total,7-8 Master's or equivalent level or doctoral or equivalent level,39781
2017,MK02 Southwest Finland,Employed,Total,203162
2017,MK02 Southwest Finland,Employed,7-8 Master's or equivalent level or doctoral or equivalent level,28810
2017,MK02 Southwest Finland,Unemployed,Total,24901
2017,MK02 Southwest Finland,Unemployed,7-8 Master's or equivalent level or doctoral or equivalent level,1971
2017,MK05 Kanta-Häme,Total,Total,172720
2017,MK05 Kanta-Häme,Total,7-8 Master's or equivalent level or doctoral or equivalent level,10149
2017,MK05 Kanta-Häme,Employed,Total,71211
2017,MK05 Kanta-Häme,Employed,7-8 Master's or equivalent level or doctoral or equivalent level,7301
2017,MK05 Kanta-Häme,Unemployed,Total,8311
2017,MK05 Kanta-Häme,Unemployed,7-8 Master's or equivalent level or doctoral or equivalent level,333
2017,MK07 Päijät-Häme,Total,Total,208048
2017,MK07 Päijät-Häme,Total,7-8 Master's or equivalent level or doctoral or equivalent level,11303
2017,MK07 Päijät-Häme,Employed,Total,81028
2017,MK07 Päijät-Häme,Employed,7-8 Master's or equivalent level or doctoral or equivalent level,8000
2017,MK07 Päijät-Häme,Unemployed,Total,13716
2017,MK07 Päijät-Häme,Unemployed,7-8 Master's or equivalent level or doctoral or equivalent level,526
2017,MK08 Kymenlaakso,Total,Total,168691
2017,MK08 Kymenlaakso,Total,7-8 Master's or equivalent level or doctoral or equivalent level,8090
2017,MK08 Kymenlaakso,Employed,Total,63288
2017,MK08 Kymenlaakso,Employed,7-8 Master's or equivalent level or doctoral or equivalent level,5576
2017,MK08 Kymenlaakso,Unemployed,Total,11464
2017,MK08 Kymenlaakso,Unemployed,7-8 Master's or equivalent level or doctoral or equivalent level,362
2017,MK09 South Karelia,Total,Total,129865
2017,MK09 South Karelia,Total,7-8 Master's or equivalent level or doctoral or equivalent level,7977
2017,MK09 South Karelia,Employed,Total,49807
2017,MK09 South Karelia,Employed,7-8 Master's or equivalent level or doctoral or equivalent level,5815
2017,MK09 South Karelia,Unemployed,Total,8339
2017,MK09 South Karelia,Unemployed,7-8 Master's or equivalent level or doctoral or equivalent level,390
2017,MK04 Satakunta,Total,Total,220398
2017,MK04 Satakunta,Total,7-8 Master's or equivalent level or doctoral or equivalent level,10587
2017,MK04 Satakunta,Employed,Total,87665
2017,MK04 Satakunta,Employed,7-8 Master's or equivalent level or doctoral or equivalent level,7836
2017,MK04 Satakunta,Unemployed,Total,11404
2017,MK04 Satakunta,Unemployed,7-8 Master's or equivalent level or doctoral or equivalent level,387
2017,MK06 Pirkanmaa,Total,Total,514333
2017,MK06 Pirkanmaa,Total,7-8 Master's or equivalent level or doctoral or equivalent level,46619
2017,MK06 Pirkanmaa,Employed,Total,216162
2017,MK06 Pirkanmaa,Employed,7-8 Master's or equivalent level or doctoral or equivalent level,35522
2017,MK06 Pirkanmaa,Unemployed,Total,28840
2017,MK06 Pirkanmaa,Unemployed,7-8 Master's or equivalent level or doctoral or equivalent level,2241
2017,MK13 Central Finland,Total,Total,273779
2017,MK13 Central Finland,Total,7-8 Master's or equivalent level or doctoral or equivalent level,20820
2017,MK13 Central Finland,Employed,Total,107950
2017,MK13 Central Finland,Employed,7-8 Master's or equivalent level or doctoral or equivalent level,15385
2017,MK13 Central Finland,Unemployed,Total,17694
2017,MK13 Central Finland,Unemployed,7-8 Master's or equivalent level or doctoral or equivalent level,1076
2017,MK14 South Ostrobothnia,Total,Total,195583
2017,MK14 South Ostrobothnia,Total,7-8 Master's or equivalent level or doctoral or equivalent level,8483
2017,MK14 South Ostrobothnia,Employed,Total,78903
2017,MK14 South Ostrobothnia,Employed,7-8 Master's or equivalent level or doctoral or equivalent level,6649
2017,MK14 South Ostrobothnia,Unemployed,Total,8211
2017,MK14 South Ostrobothnia,Unemployed,7-8 Master's or equivalent level or doctoral or equivalent level,208
2017,MK15 Ostrobothnia,Total,Total,176272
2017,MK15 Ostrobothnia,Total,7-8 Master's or equivalent level or doctoral or equivalent level,12739
2017,MK15 Ostrobothnia,Employed,Total,76771
2017,MK15 Ostrobothnia,Employed,7-8 Master's or equivalent level or doctoral or equivalent level,10132
2017,MK15 Ostrobothnia,Unemployed,Total,6189
2017,MK15 Ostrobothnia,Unemployed,7-8 Master's or equivalent level or doctoral or equivalent level,432
2017,MK10 South Savo,Total,Total,138822
2017,MK10 South Savo,Total,7-8 Master's or equivalent level or doctoral or equivalent level,7209
2017,MK10 South Savo,Employed,Total,51872
2017,MK10 South Savo,Employed,7-8 Master's or equivalent level or doctoral or equivalent level,5053
2017,MK10 South Savo,Unemployed,Total,7702
2017,MK10 South Savo,Unemployed,7-8 Master's or equivalent level or doctoral or equivalent level,273
2017,MK11 North Savo,Total,Total,251570
2017,MK11 North Savo,Total,7-8 Master's or equivalent level or doctoral or equivalent level,15815
2017,MK11 North Savo,Employed,Total,99570
2017,MK11 North Savo,Employed,7-8 Master's or equivalent level or doctoral or equivalent level,11992
2017,MK11 North Savo,Unemployed,Total,13754
2017,MK11 North Savo,Unemployed,7-8 Master's or equivalent level or doctoral or equivalent level,535
2017,MK12 North Karelia,Total,Total,166441
2017,MK12 North Karelia,Total,7-8 Master's or equivalent level or doctoral or equivalent level,9999
2017,MK12 North Karelia,Employed,Total,61536
2017,MK12 North Karelia,Employed,7-8 Master's or equivalent level or doctoral or equivalent level,7132
2017,MK12 North Karelia,Unemployed,Total,11797
2017,MK12 North Karelia,Unemployed,7-8 Master's or equivalent level or doctoral or equivalent level,622
2017,MK16 Central Ostrobothnia,Total,Total,68780
2017,MK16 Central Ostrobothnia,Total,7-8 Master's or equivalent level or doctoral or equivalent level,3299
2017,MK16 Central Ostrobothnia,Employed,Total,27937
2017,MK16 Central Ostrobothnia,Employed,7-8 Master's or equivalent level or doctoral or equivalent level,2643
2017,MK16 Central Ostrobothnia,Unemployed,Total,2770
2017,MK16 Central Ostrobothnia,Unemployed,7-8 Master's or equivalent level or doctoral or equivalent level,95
2017,MK17 North Ostrobothnia,Total,Total,411856
2017,MK17 North Ostrobothnia,Total,7-8 Master's or equivalent level or doctoral or equivalent level,30396
2017,MK17 North Ostrobothnia,Employed,Total,162441
2017,MK17 North Ostrobothnia,Employed,7-8 Master's or equivalent level or doctoral or equivalent level,23466
2017,MK17 North Ostrobothnia,Unemployed,Total,23746
2017,MK17 North Ostrobothnia,Unemployed,7-8 Master's or equivalent level or doctoral or equivalent level,1527
2017,MK18 Kainuu,Total,Total,73959
2017,MK18 Kainuu,Total,7-8 Master's or equivalent level or doctoral or equivalent level,3512
2017,MK18 Kainuu,Employed,Total,27345
2017,MK18 Kainuu,Employed,7-8 Master's or equivalent level or doctoral or equivalent level,2591
2017,MK18 Kainuu,Unemployed,Total,4722
2017,MK18 Kainuu,Unemployed,7-8 Master's or equivalent level or doctoral or equivalent level,123
2017,MK19 Lapland,Total,Total,179223
2017,MK19 Lapland,Total,7-8 Master's or equivalent level or doctoral or equivalent level,9780
2017,MK19 Lapland,Employed,Total,70358
2017,MK19 Lapland,Employed,7-8 Master's or equivalent level or doctoral or equivalent level,7445
2017,MK19 Lapland,Unemployed,Total,10992
2017,MK19 Lapland,Unemployed,7-8 Master's or equivalent level or doctoral or equivalent level,377
2017,MK21 Åland,Total,Total,29489
2017,MK21 Åland,Total,7-8 Master's or equivalent level or doctoral or equivalent level,1795
2017,MK21 Åland,Employed,Total,14745
2017,MK21 Åland,Employed,7-8 Master's or equivalent level or doctoral or equivalent level,1403
2017,MK21 Åland,Unemployed,Total,573
2017,MK21 Åland,Unemployed,7-8 Master's or equivalent level or doctoral or equivalent level,31
2018,MK01 Uusimaa,Total,Total,1671024
2018,MK01 Uusimaa,Total,7-8 Master's or equivalent level or doctoral or equivalent level,230248
2018,MK01 Uusimaa,Employed,Total,797737
2018,MK01 Uusimaa,Employed,7-8 Master's or equivalent level or doctoral or equivalent level,174163
2018,MK01 Uusimaa,Unemployed,Total,72466
2018,MK01 Uusimaa,Unemployed,7-8 Master's or equivalent level or doctoral or equivalent level,7790
2018,MK02 Southwest Finland,Total,Total,478582
2018,MK02 Southwest Finland,Total,7-8 Master's or equivalent level or doctoral or equivalent level,41594
2018,MK02 Southwest Finland,Employed,Total,207212
2018,MK02 Southwest Finland,Employed,7-8 Master's or equivalent level or doctoral or equivalent level,30273
2018,MK02 Southwest Finland,Unemployed,Total,21454
2018,MK02 Southwest Finland,Unemployed,7-8 Master's or equivalent level or doctoral or equivalent level,1726
2018,MK05 Kanta-Häme,Total,Total,171364
2018,MK05 Kanta-Häme,Total,7-8 Master's or equivalent level or doctoral or equivalent level,10427
2018,MK05 Kanta-Häme,Employed,Total,71700
2018,MK05 Kanta-Häme,Employed,7-8 Master's or equivalent level or doctoral or equivalent level,7451
2018,MK05 Kanta-Häme,Unemployed,Total,7257
2018,MK05 Kanta-Häme,Unemployed,7-8 Master's or equivalent level or doctoral or equivalent level,305
2018,MK07 Päijät-Häme,Total,Total,207394
2018,MK07 Päijät-Häme,Total,7-8 Master's or equivalent level or doctoral or equivalent level,11760
2018,MK07 Päijät-Häme,Employed,Total,81745
2018,MK07 Päijät-Häme,Employed,7-8 Master's or equivalent level or doctoral or equivalent level,8371
2018,MK07 Päijät-Häme,Unemployed,Total,12207
2018,MK07 Päijät-Häme,Unemployed,7-8 Master's or equivalent level or doctoral or equivalent level,465
2018,MK08 Kymenlaakso,Total,Total,166623
2018,MK08 Kymenlaakso,Total,7-8 Master's or equivalent level or doctoral or equivalent level,8422
2018,MK08 Kymenlaakso,Employed,Total,64162
2018,MK08 Kymenlaakso,Employed,7-8 Master's or equivalent level or doctoral or equivalent level,5862
2018,MK08 Kymenlaakso,Unemployed,Total,9900
2018,MK08 Kymenlaakso,Unemployed,7-8 Master's or equivalent level or doctoral or equivalent level,318
2018,MK09 South Karelia,Total,Total,128756
2018,MK09 South Karelia,Total,7-8 Master's or equivalent level or doctoral or equivalent level,8354
2018,MK09 South Karelia,Employed,Total,50293
2018,MK09 South Karelia,Employed,7-8 Master's or equivalent level or doctoral or equivalent level,6040
2018,MK09 South Karelia,Unemployed,Total,6866
2018,MK09 South Karelia,Unemployed,7-8 Master's or equivalent level or doctoral or equivalent level,371
2018,MK04 Satakunta,Total,Total,218624
2018,MK04 Satakunta,Total,7-8 Master's or equivalent level or doctoral or equivalent level,11050
2018,MK04 Satakunta,Employed,Total,87837
2018,MK04 Satakunta,Employed,7-8 Master's or equivalent level or doctoral or equivalent level,8220
2018,MK04 Satakunta,Unemployed,Total,10130
2018,MK04 Satakunta,Unemployed,7-8 Master's or equivalent level or doctoral or equivalent level,347
2018,MK06 Pirkanmaa,Total,Total,517333
2018,MK06 Pirkanmaa,Total,7-8 Master's or equivalent level or doctoral or equivalent level,48614
2018,MK06 Pirkanmaa,Employed,Total,222746
2018,MK06 Pirkanmaa,Employed,7-8 Master's or equivalent level or doctoral or equivalent level,37301
2018,MK06 Pirkanmaa,Unemployed,Total,23035
2018,MK06 Pirkanmaa,Unemployed,7-8 Master's or equivalent level or doctoral or equivalent level,1870
2018,MK13 Central Finland,Total,Total,273283
2018,MK13 Central Finland,Total,7-8 Master's or equivalent level or doctoral or equivalent level,21549
2018,MK13 Central Finland,Employed,Total,109266
2018,MK13 Central Finland,Employed,7-8 Master's or equivalent level or doctoral or equivalent level,15914
2018,MK13 Central Finland,Unemployed,Total,15756
2018,MK13 Central Finland,Unemployed,7-8 Master's or equivalent level or doctoral or equivalent level,990
2018,MK14 South Ostrobothnia,Total,Total,194316
2018,MK14 South Ostrobothnia,Total,7-8 Master's or equivalent level or doctoral or equivalent level,8746
2018,MK14 South Ostrobothnia,Employed,Total,79525
2018,MK14 South Ostrobothnia,Employed,7-8 Master's or equivalent level or doctoral or equivalent level,6836
2018,MK14 South Ostrobothnia,Unemployed,Total,6977
2018,MK14 South Ostrobothnia,Unemployed,7-8 Master's or equivalent level or doctoral or equivalent level,189
2018,MK15 Ostrobothnia,Total,Total,176193
2018,MK15 Ostrobothnia,Total,7-8 Master's or equivalent level or doctoral or equivalent level,13340
2018,MK15 Ostrobothnia,Employed,Total,77718
2018,MK15 Ostrobothnia,Employed,7-8 Master's or equivalent level or doctoral or equivalent level,10644
2018,MK15 Ostrobothnia,Unemployed,Total,5259
2018,MK15 Ostrobothnia,Unemployed,7-8 Master's or equivalent level or doctoral or equivalent level,353
2018,MK10 South Savo,Total,Total,136474
2018,MK10 South Savo,Total,7-8 Master's or equivalent level or doctoral or equivalent level,7357
2018,MK10 South Savo,Employed,Total,51802
2018,MK10 South Savo,Employed,7-8 Master's or equivalent level or doctoral or equivalent level,5106
2018,MK10 South Savo,Unemployed,Total,6681
2018,MK10 South Savo,Unemployed,7-8 Master's or equivalent level or doctoral or equivalent level,219
2018,MK11 North Savo,Total,Total,250414
2018,MK11 North Savo,Total,7-8 Master's or equivalent level or doctoral or equivalent level,16418
2018,MK11 North Savo,Employed,Total,100394
2018,MK11 North Savo,Employed,7-8 Master's or equivalent level or doctoral or equivalent level,12443
2018,MK11 North Savo,Unemployed,Total,12333
2018,MK11 North Savo,Unemployed,7-8 Master's or equivalent level or doctoral or equivalent level,464
2018,MK12 North Karelia,Total,Total,165569
2018,MK12 North Karelia,Total,7-8 Master's or equivalent level or doctoral or equivalent level,10425
2018,MK12 North Karelia,Employed,Total,62157
2018,MK12 North Karelia,Employed,7-8 Master's or equivalent level or doctoral or equivalent level,7464
2018,MK12 North Karelia,Unemployed,Total,10042
2018,MK12 North Karelia,Unemployed,7-8 Master's or equivalent level or doctoral or equivalent level,545
2018,MK16 Central Ostrobothnia,Total,Total,68437
2018,MK16 Central Ostrobothnia,Total,7-8 Master's or equivalent level or doctoral or equivalent level,3388
2018,MK16 Central Ostrobothnia,Employed,Total,28271
2018,MK16 Central Ostrobothnia,Employed,7-8 Master's or equivalent level or doctoral or equivalent level,2705
2018,MK16 Central Ostrobothnia,Unemployed,Total,2373
2018,MK16 Central Ostrobothnia,Unemployed,7-8 Master's or equivalent level or doctoral or equivalent level,82
2018,MK17 North Ostrobothnia,Total,Total,412161
2018,MK17 North Ostrobothnia,Total,7-8 Master's or equivalent level or doctoral or equivalent level,31599
2018,MK17 North Ostrobothnia,Employed,Total,166784
2018,MK17 North Ostrobothnia,Employed,7-8 Master's or equivalent level or doctoral or equivalent level,24571
2018,MK17 North Ostrobothnia,Unemployed,Total,20007
2018,MK17 North Ostrobothnia,Unemployed,7-8 Master's or equivalent level or doctoral or equivalent level,1235
2018,MK18 Kainuu,Total,Total,73061
2018,MK18 Kainuu,Total,7-8 Master's or equivalent level or doctoral or equivalent level,3615
2018,MK18 Kainuu,Employed,Total,27836
2018,MK18 Kainuu,Employed,7-8 Master's or equivalent level or doctoral or equivalent level,2666
2018,MK18 Kainuu,Unemployed,Total,3768
2018,MK18 Kainuu,Unemployed,7-8 Master's or equivalent level or doctoral or equivalent level,122
2018,MK19 Lapland,Total,Total,178522
2018,MK19 Lapland,Total,7-8 Master's or equivalent level or doctoral or equivalent level,10226
2018,MK19 Lapland,Employed,Total,71610
2018,MK19 Lapland,Employed,7-8 Master's or equivalent level or doctoral or equivalent level,7742
2018,MK19 Lapland,Unemployed,Total,9395
2018,MK19 Lapland,Unemployed,7-8 Master's or equivalent level or doctoral or equivalent level,348
2018,MK21 Åland,Total,Total,29789
2018,MK21 Åland,Total,7-8 Master's or equivalent level or doctoral or equivalent level,1872
2018,MK21 Åland,Employed,Total,14873
2018,MK21 Åland,Employed,7-8 Master's or equivalent level or doctoral or equivalent level,1450
2018,MK21 Åland,Unemployed,Total,548
2018,MK21 Åland,Unemployed,7-8 Master's or equivalent level or doctoral or equivalent level,33
2019,MK01 Uusimaa,Total,Total,1689725
2019,MK01 Uusimaa,Total,7-8 Master's or equivalent level or doctoral or equivalent level,238463
2019,MK01 Uusimaa,Employed,Total,807755
2019,MK01 Uusimaa,Employed,7-8 Master's or equivalent level or doctoral or equivalent level,180575
2019,MK01 Uusimaa,Unemployed,Total,72406
2019,MK01 Uusimaa,Unemployed,7-8 Master's or equivalent level or doctoral or equivalent level,7856
2019,MK02 Southwest Finland,Total,Total,479341
2019,MK02 Southwest Finland,Total,7-8 Master's or equivalent level or doctoral or equivalent level,42843
2019,MK02 Southwest Finland,Employed,Total,207106
2019,MK02 Southwest Finland,Employed,7-8 Master's or equivalent level or doctoral or equivalent level,31226
2019,MK02 Southwest Finland,Unemployed,Total,21527
2019,MK02 Southwest Finland,Unemployed,7-8 Master's or equivalent level or doctoral or equivalent level,1646
2019,MK05 Kanta-Häme,Total,Total,170925
2019,MK05 Kanta-Häme,Total,7-8 Master's or equivalent level or doctoral or equivalent level,10675
2019,MK05 Kanta-Häme,Employed,Total,71144
2019,MK05 Kanta-Häme,Employed,7-8 Master's or equivalent level or doctoral or equivalent level,7633
2019,MK05 Kanta-Häme,Unemployed,Total,6989
2019,MK05 Kanta-Häme,Unemployed,7-8 Master's or equivalent level or doctoral or equivalent level,316
2019,MK07 Päijät-Häme,Total,Total,206315
2019,MK07 Päijät-Häme,Total,7-8 Master's or equivalent level or doctoral or equivalent level,12082
2019,MK07 Päijät-Häme,Employed,Total,80973
2019,MK07 Päijät-Häme,Employed,7-8 Master's or equivalent level or doctoral or equivalent level,8547
2019,MK07 Päijät-Häme,Unemployed,Total,11665
2019,MK07 Päijät-Häme,Unemployed,7-8 Master's or equivalent level or doctoral or equivalent level,433
2019,MK08 Kymenlaakso,Total,Total,164456
2019,MK08 Kymenlaakso,Total,7-8 Master's or equivalent level or doctoral or equivalent level,8540
2019,MK08 Kymenlaakso,Employed,Total,62966
2019,MK08 Kymenlaakso,Employed,7-8 Master's or equivalent level or doctoral or equivalent level,5902
2019,MK08 Kymenlaakso,Unemployed,Total,9563
2019,MK08 Kymenlaakso,Unemployed,7-8 Master's or equivalent level or doctoral or equivalent level,326
2019,MK09 South Karelia,Total,Total,127757
2019,MK09 South Karelia,Total,7-8 Master's or equivalent level or doctoral or equivalent level,8527
2019,MK09 South Karelia,Employed,Total,49196
2019,MK09 South Karelia,Employed,7-8 Master's or equivalent level or doctoral or equivalent level,6148
2019,MK09 South Karelia,Unemployed,Total,7132
2019,MK09 South Karelia,Unemployed,7-8 Master's or equivalent level or doctoral or equivalent level,323
2019,MK04 Satakunta,Total,Total,216752
2019,MK04 Satakunta,Total,7-8 Master's or equivalent level or doctoral or equivalent level,11216
2019,MK04 Satakunta,Employed,Total,86409
2019,MK04 Satakunta,Employed,7-8 Master's or equivalent level or doctoral or equivalent level,8335
2019,MK04 Satakunta,Unemployed,Total,10550
2019,MK04 Satakunta,Unemployed,7-8 Master's or equivalent level or doctoral or equivalent level,331
2019,MK06 Pirkanmaa,Total,Total,519872
2019,MK06 Pirkanmaa,Total,7-8 Master's or equivalent level or doctoral or equivalent level,50227
2019,MK06 Pirkanmaa,Employed,Total,223118
2019,MK06 Pirkanmaa,Employed,7-8 Master's or equivalent level or doctoral or equivalent level,38466
2019,MK06 Pirkanmaa,Unemployed,Total,24444
2019,MK06 Pirkanmaa,Unemployed,7-8 Master's or equivalent level or doctoral or equivalent level,1983
2019,MK13 Central Finland,Total,Total,272898
2019,MK13 Central Finland,Total,7-8 Master's or equivalent level or doctoral or equivalent level,22118
2019,MK13 Central Finland,Employed,Total,108691
2019,MK13 Central Finland,Employed,7-8 Master's or equivalent level or doctoral or equivalent level,16291
2019,MK13 Central Finland,Unemployed,Total,15775
2019,MK13 Central Finland,Unemployed,7-8 Master's or equivalent level or doctoral or equivalent level,921
2019,MK14 South Ostrobothnia,Total,Total,193207
2019,MK14 South Ostrobothnia,Total,7-8 Master's or equivalent level or doctoral or equivalent level,8970
2019,MK14 South Ostrobothnia,Employed,Total,79063
2019,MK14 South Ostrobothnia,Employed,7-8 Master's or equivalent level or doctoral or equivalent level,6954
2019,MK14 South Ostrobothnia,Unemployed,Total,7098
2019,MK14 South Ostrobothnia,Unemployed,7-8 Master's or equivalent level or doctoral or equivalent level,203
2019,MK15 Ostrobothnia,Total,Total,175923
2019,MK15 Ostrobothnia,Total,7-8 Master's or equivalent level or doctoral or equivalent level,13666
2019,MK15 Ostrobothnia,Employed,Total,77396
2019,MK15 Ostrobothnia,Employed,7-8 Master's or equivalent level or doctoral or equivalent level,10901
2019,MK15 Ostrobothnia,Unemployed,Total,5235
2019,MK15 Ostrobothnia,Unemployed,7-8 Master's or equivalent level or doctoral or equivalent level,353
2019,MK10 South Savo,Total,Total,134314
2019,MK10 South Savo,Total,7-8 Master's or equivalent level or doctoral or equivalent level,7443
2019,MK10 South Savo,Employed,Total,50469
2019,MK10 South Savo,Employed,7-8 Master's or equivalent level or doctoral or equivalent level,5132
2019,MK10 South Savo,Unemployed,Total,6278
2019,MK10 South Savo,Unemployed,7-8 Master's or equivalent level or doctoral or equivalent level,236
2019,MK11 North Savo,Total,Total,249003
2019,MK11 North Savo,Total,7-8 Master's or equivalent level or doctoral or equivalent level,16889
2019,MK11 North Savo,Employed,Total,100191
2019,MK11 North Savo,Employed,7-8 Master's or equivalent level or doctoral or equivalent level,12781
2019,MK11 North Savo,Unemployed,Total,12200
2019,MK11 North Savo,Unemployed,7-8 Master's or equivalent level or doctoral or equivalent level,459
2019,MK12 North Karelia,Total,Total,164465
2019,MK12 North Karelia,Total,7-8 Master's or equivalent level or doctoral or equivalent level,10718
2019,MK12 North Karelia,Employed,Total,61194
2019,MK12 North Karelia,Employed,7-8 Master's or equivalent level or doctoral or equivalent level,7685
2019,MK12 North Karelia,Unemployed,Total,10178
2019,MK12 North Karelia,Unemployed,7-8 Master's or equivalent level or doctoral or equivalent level,548
2019,MK16 Central Ostrobothnia,Total,Total,68158
2019,MK16 Central Ostrobothnia,Total,7-8 Master's or equivalent level or doctoral or equivalent level,3504
2019,MK16 Central Ostrobothnia,Employed,Total,27875
2019,MK16 Central Ostrobothnia,Employed,7-8 Master's or equivalent level or doctoral or equivalent level,2747
2019,MK16 Central Ostrobothnia,Unemployed,Total,2454
2019,MK16 Central Ostrobothnia,Unemployed,7-8 Master's or equivalent level or doctoral or equivalent level,88
2019,MK17 North Ostrobothnia,Total,Total,412830
2019,MK17 North Ostrobothnia,Total,7-8 Master's or equivalent level or doctoral or equivalent level,32591
2019,MK17 North Ostrobothnia,Employed,Total,166270
2019,MK17 North Ostrobothnia,Employed,7-8 Master's or equivalent level or doctoral or equivalent level,25251
2019,MK17 North Ostrobothnia,Unemployed,Total,20731
2019,MK17 North Ostrobothnia,Unemployed,7-8 Master's or equivalent level or doctoral or equivalent level,1265
2019,MK18 Kainuu,Total,Total,72306
2019,MK18 Kainuu,Total,7-8 Master's or equivalent level or doctoral or equivalent level,3693
2019,MK18 Kainuu,Employed,Total,27359
2019,MK18 Kainuu,Employed,7-8 Master's or equivalent level or doctoral or equivalent level,2742
2019,MK18 Kainuu,Unemployed,Total,3582
2019,MK18 Kainuu,Unemployed,7-8 Master's or equivalent level or doctoral or equivalent level,102
2019,MK19 Lapland,Total,Total,177161
2019,MK19 Lapland,Total,7-8 Master's or equivalent level or doctoral or equivalent level,10470
2019,MK19 Lapland,Employed,Total,71810
2019,MK19 Lapland,Employed,7-8 Master's or equivalent level or doctoral or equivalent level,7847
2019,MK19 Lapland,Unemployed,Total,8977
2019,MK19 Lapland,Unemployed,7-8 Master's or equivalent level or doctoral or equivalent level,372
2019,MK21 Åland,Total,Total,29884
2019,MK21 Åland,Total,7-8 Master's or equivalent level or doctoral or equivalent level,1952
2019,MK21 Åland,Employed,Total,14541
2019,MK21 Åland,Employed,7-8 Master's or equivalent level or doctoral or equivalent level,1512
2019,MK21 Åland,Unemployed,Total,574
2019,MK21 Åland,Unemployed,7-8 Master's or equivalent level or doctoral or equivalent level,28
2020,MK01 Uusimaa,Total,Total,1702678
2020,MK01 Uusimaa,Total,7-8 Master's or equivalent level or doctoral or equivalent level,247123
2020,MK01 Uusimaa,Employed,Total,768692
2020,MK01 Uusimaa,Employed,7-8 Master's or equivalent level or doctoral or equivalent level,183358
2020,MK01 Uusimaa,Unemployed,Total,114143
2020,MK01 Uusimaa,Unemployed,7-8 Master's or equivalent level or doctoral or equivalent level,11924
2020,MK02 Southwest Finland,Total,Total,481403
2020,MK02 Southwest Finland,Total,7-8 Master's or equivalent level or doctoral or equivalent level,44511
2020,MK02 Southwest Finland,Employed,Total,199102
2020,MK02 Southwest Finland,Employed,7-8 Master's or equivalent level or doctoral or equivalent level,31950
2020,MK02 Southwest Finland,Unemployed,Total,30179
2020,MK02 Southwest Finland,Unemployed,7-8 Master's or equivalent level or doctoral or equivalent level,2346
2020,MK05 Kanta-Häme,Total,Total,170577
2020,MK05 Kanta-Häme,Total,7-8 Master's or equivalent level or doctoral or equivalent level,11000
2020,MK05 Kanta-Häme,Employed,Total,69254
2020,MK05 Kanta-Häme,Employed,7-8 Master's or equivalent level or doctoral or equivalent level,7780
2020,MK05 Kanta-Häme,Unemployed,Total,9225
2020,MK05 Kanta-Häme,Unemployed,7-8 Master's or equivalent level or doctoral or equivalent level,408
2020,MK07 Päijät-Häme,Total,Total,205771
2020,MK07 Päijät-Häme,Total,7-8 Master's or equivalent level or doctoral or equivalent level,12465
2020,MK07 Päijät-Häme,Employed,Total,77524
2020,MK07 Päijät-Häme,Employed,7-8 Master's or equivalent level or doctoral or equivalent level,8752
2020,MK07 Päijät-Häme,Unemployed,Total,15142
2020,MK07 Päijät-Häme,Unemployed,7-8 Master's or equivalent level or doctoral or equivalent level,559
2020,MK08 Kymenlaakso,Total,Total,162812
2020,MK08 Kymenlaakso,Total,7-8 Master's or equivalent level or doctoral or equivalent level,8670
2020,MK08 Kymenlaakso,Employed,Total,60838
2020,MK08 Kymenlaakso,Employed,7-8 Master's or equivalent level or doctoral or equivalent level,5945
2020,MK08 Kymenlaakso,Unemployed,Total,11335
2020,MK08 Kymenlaakso,Unemployed,7-8 Master's or equivalent level or doctoral or equivalent level,370
2020,MK09 South Karelia,Total,Total,126921
2020,MK09 South Karelia,Total,7-8 Master's or equivalent level or doctoral or equivalent level,8774
2020,MK09 South Karelia,Employed,Total,47467
2020,MK09 South Karelia,Employed,7-8 Master's or equivalent level or doctoral or equivalent level,6232
2020,MK09 South Karelia,Unemployed,Total,8617
2020,MK09 South Karelia,Unemployed,7-8 Master's or equivalent level or doctoral or equivalent level,451
2020,MK04 Satakunta,Total,Total,215416
2020,MK04 Satakunta,Total,7-8 Master's or equivalent level or doctoral or equivalent level,11481
2020,MK04 Satakunta,Employed,Total,83472
2020,MK04 Satakunta,Employed,7-8 Master's or equivalent level or doctoral or equivalent level,8319
2020,MK04 Satakunta,Unemployed,Total,12927
2020,MK04 Satakunta,Unemployed,7-8 Master's or equivalent level or doctoral or equivalent level,486
2020,MK06 Pirkanmaa,Total,Total,522852
2020,MK06 Pirkanmaa,Total,7-8 Master's or equivalent level or doctoral or equivalent level,52303
2020,MK06 Pirkanmaa,Employed,Total,217568
2020,MK06 Pirkanmaa,Employed,7-8 Master's or equivalent level or doctoral or equivalent level,39701
2020,MK06 Pirkanmaa,Unemployed,Total,32544
2020,MK06 Pirkanmaa,Unemployed,7-8 Master's or equivalent level or doctoral or equivalent level,2476
2020,MK13 Central Finland,Total,Total,272617
2020,MK13 Central Finland,Total,7-8 Master's or equivalent level or doctoral or equivalent level,22909
2020,MK13 Central Finland,Employed,Total,105045
2020,MK13 Central Finland,Employed,7-8 Master's or equivalent level or doctoral or equivalent level,16662
2020,MK13 Central Finland,Unemployed,Total,19326
2020,MK13 Central Finland,Unemployed,7-8 Master's or equivalent level or doctoral or equivalent level,1188
2020,MK14 South Ostrobothnia,Total,Total,192150
2020,MK14 South Ostrobothnia,Total,7-8 Master's or equivalent level or doctoral or equivalent level,9257
2020,MK14 South Ostrobothnia,Employed,Total,76659
2020,MK14 South Ostrobothnia,Employed,7-8 Master's or equivalent level or doctoral or equivalent level,7083
2020,MK14 South Ostrobothnia,Unemployed,Total,9080
2020,MK14 South Ostrobothnia,Unemployed,7-8 Master's or equivalent level or doctoral or equivalent level,285
2020,MK15 Ostrobothnia,Total,Total,175816
2020,MK15 Ostrobothnia,Total,7-8 Master's or equivalent level or doctoral or equivalent level,14034
2020,MK15 Ostrobothnia,Employed,Total,73717
2020,MK15 Ostrobothnia,Employed,7-8 Master's or equivalent level or doctoral or equivalent level,10824
2020,MK15 Ostrobothnia,Unemployed,Total,8452
2020,MK15 Ostrobothnia,Unemployed,7-8 Master's or equivalent level or doctoral or equivalent level,643
2020,MK10 South Savo,Total,Total,132702
2020,MK10 South Savo,Total,7-8 Master's or equivalent level or doctoral or equivalent level,7578
2020,MK10 South Savo,Employed,Total,48568
2020,MK10 South Savo,Employed,7-8 Master's or equivalent level or doctoral or equivalent level,5156
2020,MK10 South Savo,Unemployed,Total,7669
2020,MK10 South Savo,Unemployed,7-8 Master's or equivalent level or doctoral or equivalent level,269
2020,MK11 North Savo,Total,Total,248265
2020,MK11 North Savo,Total,7-8 Master's or equivalent level or doctoral or equivalent level,17431
2020,MK11 North Savo,Employed,Total,96967
2020,MK11 North Savo,Employed,7-8 Master's or equivalent level or doctoral or equivalent level,12946
2020,MK11 North Savo,Unemployed,Total,15268
2020,MK11 North Savo,Unemployed,7-8 Master's or equivalent level or doctoral or equivalent level,623
2020,MK12 North Karelia,Total,Total,163537
2020,MK12 North Karelia,Total,7-8 Master's or equivalent level or doctoral or equivalent level,11036
2020,MK12 North Karelia,Employed,Total,59372
2020,MK12 North Karelia,Employed,7-8 Master's or equivalent level or doctoral or equivalent level,7838
2020,MK12 North Karelia,Unemployed,Total,12094
2020,MK12 North Karelia,Unemployed,7-8 Master's or equivalent level or doctoral or equivalent level,645
2020,MK16 Central Ostrobothnia,Total,Total,67988
2020,MK16 Central Ostrobothnia,Total,7-8 Master's or equivalent level or doctoral or equivalent level,3613
2020,MK16 Central Ostrobothnia,Employed,Total,27352
2020,MK16 Central Ostrobothnia,Employed,7-8 Master's or equivalent level or doctoral or equivalent level,2831
2020,MK16 Central Ostrobothnia,Unemployed,Total,3099
2020,MK16 Central Ostrobothnia,Unemployed,7-8 Master's or equivalent level or doctoral or equivalent level,91
2020,MK17 North Ostrobothnia,Total,Total,413830
2020,MK17 North Ostrobothnia,Total,7-8 Master's or equivalent level or doctoral or equivalent level,33780
2020,MK17 North Ostrobothnia,Employed,Total,163920
2020,MK17 North Ostrobothnia,Employed,7-8 Master's or equivalent level or doctoral or equivalent level,26036
2020,MK17 North Ostrobothnia,Unemployed,Total,25254
2020,MK17 North Ostrobothnia,Unemployed,7-8 Master's or equivalent level or doctoral or equivalent level,1501
2020,MK18 Kainuu,Total,Total,71664
2020,MK18 Kainuu,Total,7-8 Master's or equivalent level or doctoral or equivalent level,3771
2020,MK18 Kainuu,Employed,Total,27098
2020,MK18 Kainuu,Employed,7-8 Master's or equivalent level or doctoral or equivalent level,2764
2020,MK18 Kainuu,Unemployed,Total,3810
2020,MK18 Kainuu,Unemployed,7-8 Master's or equivalent level or doctoral or equivalent level,122
2020,MK19 Lapland,Total,Total,176665
2020,MK19 Lapland,Total,7-8 Master's or equivalent level or doctoral or equivalent level,10868
2020,MK19 Lapland,Employed,Total,68369
2020,MK19 Lapland,Employed,7-8 Master's or equivalent level or doctoral or equivalent level,8092
2020,MK19 Lapland,Unemployed,Total,12015
2020,MK19 Lapland,Unemployed,7-8 Master's or equivalent level or doctoral or equivalent level,439
2020,MK21 Åland,Total,Total,30129
2020,MK21 Åland,Total,7-8 Master's or equivalent level or doctoral or equivalent level,1982
2020,MK21 Åland,Employed,Total,13689
2020,MK21 Åland,Employed,7-8 Master's or equivalent level or doctoral or equivalent level,1498
2020,MK21 Åland,Unemployed,Total,1404
2020,MK21 Åland,Unemployed,7-8 Master's or equivalent level or doctoral or equivalent level,78
2021,MK01 Uusimaa,Total,Total,1714741
2021,MK01 Uusimaa,Total,7-8 Master's or equivalent level or doctoral or equivalent level,253513
2021,MK01 Uusimaa,Employed,Total,802986
2021,MK01 Uusimaa,Employed,7-8 Master's or equivalent level or doctoral or equivalent level,190817
2021,MK01 Uusimaa,Unemployed,Total,89635
2021,MK01 Uusimaa,Unemployed,7-8 Master's or equivalent level or doctoral or equivalent level,8779
2021,MK02 Southwest Finland,Total,Total,483477
2021,MK02 Southwest Finland,Total,7-8 Master's or equivalent level or doctoral or equivalent level,46066
2021,MK02 Southwest Finland,Employed,Total,208984
2021,MK02 Southwest Finland,Employed,7-8 Master's or equivalent level or doctoral or equivalent level,33605
2021,MK02 Southwest Finland,Unemployed,Total,22065
2021,MK02 Southwest Finland,Unemployed,7-8 Master's or equivalent level or doctoral or equivalent level,1665
2021,MK05 Kanta-Häme,Total,Total,170213
2021,MK05 Kanta-Häme,Total,7-8 Master's or equivalent level or doctoral or equivalent level,11281
2021,MK05 Kanta-Häme,Employed,Total,70713
2021,MK05 Kanta-Häme,Employed,7-8 Master's or equivalent level or doctoral or equivalent level,7949
2021,MK05 Kanta-Häme,Unemployed,Total,7667
2021,MK05 Kanta-Häme,Unemployed,7-8 Master's or equivalent level or doctoral or equivalent level,337
2021,MK07 Päijät-Häme,Total,Total,205124
2021,MK07 Päijät-Häme,Total,7-8 Master's or equivalent level or doctoral or equivalent level,12942
2021,MK07 Päijät-Häme,Employed,Total,80363
2021,MK07 Päijät-Häme,Employed,7-8 Master's or equivalent level or doctoral or equivalent level,9182
2021,MK07 Päijät-Häme,Unemployed,Total,12216
2021,MK07 Päijät-Häme,Unemployed,7-8 Master's or equivalent level or doctoral or equivalent level,444
2021,MK08 Kymenlaakso,Total,Total,161391
2021,MK08 Kymenlaakso,Total,7-8 Master's or equivalent level or doctoral or equivalent level,8895
2021,MK08 Kymenlaakso,Employed,Total,62028
2021,MK08 Kymenlaakso,Employed,7-8 Master's or equivalent level or doctoral or equivalent level,6132
2021,MK08 Kymenlaakso,Unemployed,Total,9082
2021,MK08 Kymenlaakso,Unemployed,7-8 Master's or equivalent level or doctoral or equivalent level,309
2021,MK09 South Karelia,Total,Total,126107
2021,MK09 South Karelia,Total,7-8 Master's or equivalent level or doctoral or equivalent level,8973
2021,MK09 South Karelia,Employed,Total,48708
2021,MK09 South Karelia,Employed,7-8 Master's or equivalent level or doctoral or equivalent level,6442
2021,MK09 South Karelia,Unemployed,Total,6609
2021,MK09 South Karelia,Unemployed,7-8 Master's or equivalent level or doctoral or equivalent level,364
2021,MK04 Satakunta,Total,Total,214281
2021,MK04 Satakunta,Total,7-8 Master's or equivalent level or doctoral or equivalent level,11767
2021,MK04 Satakunta,Employed,Total,86290
2021,MK04 Satakunta,Employed,7-8 Master's or equivalent level or doctoral or equivalent level,8622
2021,MK04 Satakunta,Unemployed,Total,9497
2021,MK04 Satakunta,Unemployed,7-8 Master's or equivalent level or doctoral or equivalent level,354
2021,MK06 Pirkanmaa,Total,Total,527478
2021,MK06 Pirkanmaa,Total,7-8 Master's or equivalent level or doctoral or equivalent level,54685
2021,MK06 Pirkanmaa,Employed,Total,229843
2021,MK06 Pirkanmaa,Employed,7-8 Master's or equivalent level or doctoral or equivalent level,42242
2021,MK06 Pirkanmaa,Unemployed,Total,23694
2021,MK06 Pirkanmaa,Unemployed,7-8 Master's or equivalent level or doctoral or equivalent level,1762
2021,MK13 Central Finland,Total,Total,272683
2021,MK13 Central Finland,Total,7-8 Master's or equivalent level or doctoral or equivalent level,23633
2021,MK13 Central Finland,Employed,Total,108624
2021,MK13 Central Finland,Employed,7-8 Master's or equivalent level or doctoral or equivalent level,17375
2021,MK13 Central Finland,Unemployed,Total,15883
2021,MK13 Central Finland,Unemployed,7-8 Master's or equivalent level or doctoral or equivalent level,919
2021,MK14 South Ostrobothnia,Total,Total,191762
2021,MK14 South Ostrobothnia,Total,7-8 Master's or equivalent level or doctoral or equivalent level,9512
2021,MK14 South Ostrobothnia,Employed,Total,78855
2021,MK14 South Ostrobothnia,Employed,7-8 Master's or equivalent level or doctoral or equivalent level,7299
2021,MK14 South Ostrobothnia,Unemployed,Total,6433
2021,MK14 South Ostrobothnia,Unemployed,7-8 Master's or equivalent level or doctoral or equivalent level,159
2021,MK15 Ostrobothnia,Total,Total,176041
2021,MK15 Ostrobothnia,Total,7-8 Master's or equivalent level or doctoral or equivalent level,14415
2021,MK15 Ostrobothnia,Employed,Total,77808
2021,MK15 Ostrobothnia,Employed,7-8 Master's or equivalent level or doctoral or equivalent level,11445
2021,MK15 Ostrobothnia,Unemployed,Total,4851
2021,MK15 Ostrobothnia,Unemployed,7-8 Master's or equivalent level or doctoral or equivalent level,290
2021,MK10 South Savo,Total,Total,131688
2021,MK10 South Savo,Total,7-8 Master's or equivalent level or doctoral or equivalent level,7801
2021,MK10 South Savo,Employed,Total,49623
2021,MK10 South Savo,Employed,7-8 Master's or equivalent level or doctoral or equivalent level,5323
2021,MK10 South Savo,Unemployed,Total,6172
2021,MK10 South Savo,Unemployed,7-8 Master's or equivalent level or doctoral or equivalent level,201
2021,MK11 North Savo,Total,Total,248363
2021,MK11 North Savo,Total,7-8 Master's or equivalent level or doctoral or equivalent level,18112
2021,MK11 North Savo,Employed,Total,100532
2021,MK11 North Savo,Employed,7-8 Master's or equivalent level or doctoral or equivalent level,13533
2021,MK11 North Savo,Unemployed,Total,11730
2021,MK11 North Savo,Unemployed,7-8 Master's or equivalent level or doctoral or equivalent level,458
2021,MK12 North Karelia,Total,Total,163281
2021,MK12 North Karelia,Total,7-8 Master's or equivalent level or doctoral or equivalent level,11416
2021,MK12 North Karelia,Employed,Total,61230
2021,MK12 North Karelia,Employed,7-8 Master's or equivalent level or doctoral or equivalent level,8154
2021,MK12 North Karelia,Unemployed,Total,9849
2021,MK12 North Karelia,Unemployed,7-8 Master's or equivalent level or doctoral or equivalent level,540
2021,MK16 Central Ostrobothnia,Total,Total,67915
2021,MK16 Central Ostrobothnia,Total,7-8 Master's or equivalent level or doctoral or equivalent level,3738
2021,MK16 Central Ostrobothnia,Employed,Total,27809
2021,MK16 Central Ostrobothnia,Employed,7-8 Master's or equivalent level or doctoral or equivalent level,2922
2021,MK16 Central Ostrobothnia,Unemployed,Total,2450
2021,MK16 Central Ostrobothnia,Unemployed,7-8 Master's or equivalent level or doctoral or equivalent level,71
2021,MK17 North Ostrobothnia,Total,Total,415603
2021,MK17 North Ostrobothnia,Total,7-8 Master's or equivalent level or doctoral or equivalent level,34986
2021,MK17 North Ostrobothnia,Employed,Total,169998
2021,MK17 North Ostrobothnia,Employed,7-8 Master's or equivalent level or doctoral or equivalent level,27185
2021,MK17 North Ostrobothnia,Unemployed,Total,20154
2021,MK17 North Ostrobothnia,Unemployed,7-8 Master's or equivalent level or doctoral or equivalent level,1192
2021,MK18 Kainuu,Total,Total,71255
2021,MK18 Kainuu,Total,7-8 Master's or equivalent level or doctoral or equivalent level,3864
2021,MK18 Kainuu,Employed,Total,27386
2021,MK18 Kainuu,Employed,7-8 Master's or equivalent level or doctoral or equivalent level,2798
2021,MK18 Kainuu,Unemployed,Total,3304
2021,MK18 Kainuu,Unemployed,7-8 Master's or equivalent level or doctoral or equivalent level,119
2021,MK19 Lapland,Total,Total,176494
2021,MK19 Lapland,Total,7-8 Master's or equivalent level or doctoral or equivalent level,11283
2021,MK19 Lapland,Employed,Total,71227
2021,MK19 Lapland,Employed,7-8 Master's or equivalent level or doctoral or equivalent level,8407
2021,MK19 Lapland,Unemployed,Total,8952
2021,MK19 Lapland,Unemployed,7-8 Master's or equivalent level or doctoral or equivalent level,362
2021,MK21 Åland,Total,Total,30344
2021,MK21 Åland,Total,7-8 Master's or equivalent level or doctoral or equivalent level,2055
2021,MK21 Åland,Employed,Total,14119
2021,MK21 Åland,Employed,7-8 Master's or equivalent level or doctoral or equivalent level,1570
2021,MK21 Åland,Unemployed,Total,797
2021,MK21 Åland,Unemployed,7-8 Master's or equivalent level or doctoral or equivalent level,37
2022,MK01 Uusimaa,Total,Total,1733033
2022,MK01 Uusimaa,Total,7-8 Master's or equivalent level or doctoral or equivalent level,259635
2022,MK01 Uusimaa,Employed,Total,826194
2022,MK01 Uusimaa,Employed,7-8 Master's or equivalent level or doctoral or equivalent level,195986
2022,MK01 Uusimaa,Unemployed,Total,83692
2022,MK01 Uusimaa,Unemployed,7-8 Master's or equivalent level or doctoral or equivalent level,8280
2022,MK02 Southwest Finland,Total,Total,485567
2022,MK02 Southwest Finland,Total,7-8 Master's or equivalent level or doctoral or equivalent level,47610
2022,MK02 Southwest Finland,Employed,Total,213230
2022,MK02 Southwest Finland,Employed,7-8 Master's or equivalent level or doctoral or equivalent level,35007
2022,MK02 Southwest Finland,Unemployed,Total,21035
2022,MK02 Southwest Finland,Unemployed,7-8 Master's or equivalent level or doctoral or equivalent level,1533
2022,MK05 Kanta-Häme,Total,Total,169537
2022,MK05 Kanta-Häme,Total,7-8 Master's or equivalent level or doctoral or equivalent level,11563
2022,MK05 Kanta-Häme,Employed,Total,71601
2022,MK05 Kanta-Häme,Employed,7-8 Master's or equivalent level or doctoral or equivalent level,8243
2022,MK05 Kanta-Häme,Unemployed,Total,6889
2022,MK05 Kanta-Häme,Unemployed,7-8 Master's or equivalent level or doctoral or equivalent level,246
2022,MK07 Päijät-Häme,Total,Total,204528
2022,MK07 Päijät-Häme,Total,7-8 Master's or equivalent level or doctoral or equivalent level,13271
2022,MK07 Päijät-Häme,Employed,Total,81263
2022,MK07 Päijät-Häme,Employed,7-8 Master's or equivalent level or doctoral or equivalent level,9393
2022,MK07 Päijät-Häme,Unemployed,Total,11564
2022,MK07 Päijät-Häme,Unemployed,7-8 Master's or equivalent level or doctoral or equivalent level,406
2022,MK08 Kymenlaakso,Total,Total,159488
2022,MK08 Kymenlaakso,Total,7-8 Master's or equivalent level or doctoral or equivalent level,9050
2022,MK08 Kymenlaakso,Employed,Total,62335
2022,MK08 Kymenlaakso,Employed,7-8 Master's or equivalent level or doctoral or equivalent level,6294
2022,MK08 Kymenlaakso,Unemployed,Total,8299
2022,MK08 Kymenlaakso,Unemployed,7-8 Master's or equivalent level or doctoral or equivalent level,262
2022,MK09 South Karelia,Total,Total,125353
2022,MK09 South Karelia,Total,7-8 Master's or equivalent level or doctoral or equivalent level,9145
2022,MK09 South Karelia,Employed,Total,48762
2022,MK09 South Karelia,Employed,7-8 Master's or equivalent level or doctoral or equivalent level,6538
2022,MK09 South Karelia,Unemployed,Total,6459
2022,MK09 South Karelia,Unemployed,7-8 Master's or equivalent level or doctoral or equivalent level,318
2022,MK04 Satakunta,Total,Total,212556
2022,MK04 Satakunta,Total,7-8 Master's or equivalent level or doctoral or equivalent level,12022
2022,MK04 Satakunta,Employed,Total,86383
2022,MK04 Satakunta,Employed,7-8 Master's or equivalent level or doctoral or equivalent level,8828
2022,MK04 Satakunta,Unemployed,Total,9457
2022,MK04 Satakunta,Unemployed,7-8 Master's or equivalent level or doctoral or equivalent level,315
2022,MK06 Pirkanmaa,Total,Total,532671
2022,MK06 Pirkanmaa,Total,7-8 Master's or equivalent level or doctoral or equivalent level,56848
2022,MK06 Pirkanmaa,Employed,Total,236803
2022,MK06 Pirkanmaa,Employed,7-8 Master's or equivalent level or doctoral or equivalent level,44051
2022,MK06 Pirkanmaa,Unemployed,Total,22172
2022,MK06 Pirkanmaa,Unemployed,7-8 Master's or equivalent level or doctoral or equivalent level,1680
2022,MK13 Central Finland,Total,Total,272437
2022,MK13 Central Finland,Total,7-8 Master's or equivalent level or doctoral or equivalent level,24390
2022,MK13 Central Finland,Employed,Total,110792
2022,MK13 Central Finland,Employed,7-8 Master's or equivalent level or doctoral or equivalent level,18011
2022,MK13 Central Finland,Unemployed,Total,14972
2022,MK13 Central Finland,Unemployed,7-8 Master's or equivalent level or doctoral or equivalent level,855
2022,MK14 South Ostrobothnia,Total,Total,190774
2022,MK14 South Ostrobothnia,Total,7-8 Master's or equivalent level or doctoral or equivalent level,9835
2022,MK14 South Ostrobothnia,Employed,Total,79415
2022,MK14 South Ostrobothnia,Employed,7-8 Master's or equivalent level or doctoral or equivalent level,7585
2022,MK14 South Ostrobothnia,Unemployed,Total,6388
2022,MK14 South Ostrobothnia,Unemployed,7-8 Master's or equivalent level or doctoral or equivalent level,129
2022,MK15 Ostrobothnia,Total,Total,176323
2022,MK15 Ostrobothnia,Total,7-8 Master's or equivalent level or doctoral or equivalent level,14706
2022,MK15 Ostrobothnia,Employed,Total,78830
2022,MK15 Ostrobothnia,Employed,7-8 Master's or equivalent level or doctoral or equivalent level,11741
2022,MK15 Ostrobothnia,Unemployed,Total,4665
2022,MK15 Ostrobothnia,Unemployed,7-8 Master's or equivalent level or doctoral or equivalent level,264
2022,MK10 South Savo,Total,Total,130451
2022,MK10 South Savo,Total,7-8 Master's or equivalent level or doctoral or equivalent level,7985
2022,MK10 South Savo,Employed,Total,49871
2022,MK10 South Savo,Employed,7-8 Master's or equivalent level or doctoral or equivalent level,5446
2022,MK10 South Savo,Unemployed,Total,5735
2022,MK10 South Savo,Unemployed,7-8 Master's or equivalent level or doctoral or equivalent level,180
2022,MK11 North Savo,Total,Total,247689
2022,MK11 North Savo,Total,7-8 Master's or equivalent level or doctoral or equivalent level,18699
2022,MK11 North Savo,Employed,Total,101411
2022,MK11 North Savo,Employed,7-8 Master's or equivalent level or doctoral or equivalent level,14025
2022,MK11 North Savo,Unemployed,Total,11396
2022,MK11 North Savo,Unemployed,7-8 Master's or equivalent level or doctoral or equivalent level,387
2022,MK12 North Karelia,Total,Total,162540
2022,MK12 North Karelia,Total,7-8 Master's or equivalent level or doctoral or equivalent level,11734
2022,MK12 North Karelia,Employed,Total,61796
2022,MK12 North Karelia,Employed,7-8 Master's or equivalent level or doctoral or equivalent level,8398
2022,MK12 North Karelia,Unemployed,Total,9483
2022,MK12 North Karelia,Unemployed,7-8 Master's or equivalent level or doctoral or equivalent level,488
2022,MK16 Central Ostrobothnia,Total,Total,67805
2022,MK16 Central Ostrobothnia,Total,7-8 Master's or equivalent level or doctoral or equivalent level,3854
2022,MK16 Central Ostrobothnia,Employed,Total,28113
2022,MK16 Central Ostrobothnia,Employed,7-8 Master's or equivalent level or doctoral or equivalent level,3050
2022,MK16 Central Ostrobothnia,Unemployed,Total,2530
2022,MK16 Central Ostrobothnia,Unemployed,7-8 Master's or equivalent level or doctoral or equivalent level,65
2022,MK17 North Ostrobothnia,Total,Total,416543
2022,MK17 North Ostrobothnia,Total,7-8 Master's or equivalent level or doctoral or equivalent level,36193
2022,MK17 North Ostrobothnia,Employed,Total,172504
2022,MK17 North Ostrobothnia,Employed,7-8 Master's or equivalent level or doctoral or equivalent level,28099
2022,MK17 North Ostrobothnia,Unemployed,Total,20769
2022,MK17 North Ostrobothnia,Unemployed,7-8 Master's or equivalent level or doctoral or equivalent level,1164
2022,MK18 Kainuu,Total,Total,70521
2022,MK18 Kainuu,Total,7-8 Master's or equivalent level or doctoral or equivalent level,3966
2022,MK18 Kainuu,Employed,Total,27237
2022,MK18 Kainuu,Employed,7-8 Master's or equivalent level or doctoral or equivalent level,2886
2022,MK18 Kainuu,Unemployed,Total,3078
2022,MK18 Kainuu,Unemployed,7-8 Master's or equivalent level or doctoral or equivalent level,90
2022,MK19 Lapland,Total,Total,175795
2022,MK19 Lapland,Total,7-8 Master's or equivalent level or doctoral or equivalent level,11624
2022,MK19 Lapland,Employed,Total,72569
2022,MK19 Lapland,Employed,7-8 Master's or equivalent level or doctoral or equivalent level,8697
2022,MK19 Lapland,Unemployed,Total,8325
2022,MK19 Lapland,Unemployed,7-8 Master's or equivalent level or doctoral or equivalent level,327
2022,MK21 Åland,Total,Total,30359
2022,MK21 Åland,Total,7-8 Master's or equivalent level or doctoral or equivalent level,2068
2022,MK21 Åland,Employed,Total,14439
2022,MK21 Åland,Employed,7-8 Master's or equivalent level or doctoral or equivalent level,1577
2022,MK21 Åland,Unemployed,Total,648
2022,MK21 Åland,Unemployed,7-8 Master's or equivalent level or doctoral or equivalent level,34
2023,MK01 Uusimaa,Total,Total,1759537
2023,MK01 Uusimaa,Total,7-8 Master's or equivalent level or doctoral or equivalent level,271495
2023,MK01 Uusimaa,Employed,Total,829992
2023,MK01 Uusimaa,Employed,7-8 Master's or equivalent level or doctoral or equivalent level,203618
2023,MK01 Uusimaa,Unemployed,Total,95178
2023,MK01 Uusimaa,Unemployed,7-8 Master's or equivalent level or doctoral or equivalent level,10100
2023,MK02 Southwest Finland,Total,Total,490786
2023,MK02 Southwest Finland,Total,7-8 Master's or equivalent level or doctoral or equivalent level,49816
2023,MK02 Southwest Finland,Employed,Total,214560
2023,MK02 Southwest Finland,Employed,7-8 Master's or equivalent level or doctoral or equivalent level,36524
2023,MK02 Southwest Finland,Unemployed,Total,23318
2023,MK02 Southwest Finland,Unemployed,7-8 Master's or equivalent level or doctoral or equivalent level,1743
2023,MK05 Kanta-Häme,Total,Total,169547
2023,MK05 Kanta-Häme,Total,7-8 Master's or equivalent level or doctoral or equivalent level,11959
2023,MK05 Kanta-Häme,Employed,Total,70456
2023,MK05 Kanta-Häme,Employed,7-8 Master's or equivalent level or doctoral or equivalent level,8483
2023,MK05 Kanta-Häme,Unemployed,Total,8150
2023,MK05 Kanta-Häme,Unemployed,7-8 Master's or equivalent level or doctoral or equivalent level,307
2023,MK07 Päijät-Häme,Total,Total,204479
2023,MK07 Päijät-Häme,Total,7-8 Master's or equivalent level or doctoral or equivalent level,13905
2023,MK07 Päijät-Häme,Employed,Total,80272
2023,MK07 Päijät-Häme,Employed,7-8 Master's or equivalent level or doctoral or equivalent level,9767
2023,MK07 Päijät-Häme,Unemployed,Total,12535
2023,MK07 Päijät-Häme,Unemployed,7-8 Master's or equivalent level or doctoral or equivalent level,483
2023,MK08 Kymenlaakso,Total,Total,158658
2023,MK08 Kymenlaakso,Total,7-8 Master's or equivalent level or doctoral or equivalent level,9314
2023,MK08 Kymenlaakso,Employed,Total,61114
2023,MK08 Kymenlaakso,Employed,7-8 Master's or equivalent level or doctoral or equivalent level,6427
2023,MK08 Kymenlaakso,Unemployed,Total,9502
2023,MK08 Kymenlaakso,Unemployed,7-8 Master's or equivalent level or doctoral or equivalent level,328
2023,MK09 South Karelia,Total,Total,125162
2023,MK09 South Karelia,Total,7-8 Master's or equivalent level or doctoral or equivalent level,9512
2023,MK09 South Karelia,Employed,Total,47791
2023,MK09 South Karelia,Employed,7-8 Master's or equivalent level or doctoral or equivalent level,6754
2023,MK09 South Karelia,Unemployed,Total,7578
2023,MK09 South Karelia,Unemployed,7-8 Master's or equivalent level or doctoral or equivalent level,357
2023,MK04 Satakunta,Total,Total,211740
2023,MK04 Satakunta,Total,7-8 Master's or equivalent level or doctoral or equivalent level,12429
2023,MK04 Satakunta,Employed,Total,85612
2023,MK04 Satakunta,Employed,7-8 Master's or equivalent level or doctoral or equivalent level,9075
2023,MK04 Satakunta,Unemployed,Total,10173
2023,MK04 Satakunta,Unemployed,7-8 Master's or equivalent level or doctoral or equivalent level,359
2023,MK06 Pirkanmaa,Total,Total,539309
2023,MK06 Pirkanmaa,Total,7-8 Master's or equivalent level or doctoral or equivalent level,59862
2023,MK06 Pirkanmaa,Employed,Total,237011
2023,MK06 Pirkanmaa,Employed,7-8 Master's or equivalent level or doctoral or equivalent level,46030
2023,MK06 Pirkanmaa,Unemployed,Total,28377
2023,MK06 Pirkanmaa,Unemployed,7-8 Master's or equivalent level or doctoral or equivalent level,2231
2023,MK13 Central Finland,Total,Total,273271
2023,MK13 Central Finland,Total,7-8 Master's or equivalent level or doctoral or equivalent level,25268
2023,MK13 Central Finland,Employed,Total,109014
2023,MK13 Central Finland,Employed,7-8 Master's or equivalent level or doctoral or equivalent level,18425
2023,MK13 Central Finland,Unemployed,Total,17454
2023,MK13 Central Finland,Unemployed,7-8 Master's or equivalent level or doctoral or equivalent level,1102
2023,MK14 South Ostrobothnia,Total,Total,190539
2023,MK14 South Ostrobothnia,Total,7-8 Master's or equivalent level or doctoral or equivalent level,10174
2023,MK14 South Ostrobothnia,Employed,Total,78688
2023,MK14 South Ostrobothnia,Employed,7-8 Master's or equivalent level or doctoral or equivalent level,7839
2023,MK14 South Ostrobothnia,Unemployed,Total,7242
2023,MK14 South Ostrobothnia,Unemployed,7-8 Master's or equivalent level or doctoral or equivalent level,169
2023,MK15 Ostrobothnia,Total,Total,177602
2023,MK15 Ostrobothnia,Total,7-8 Master's or equivalent level or doctoral or equivalent level,15351
2023,MK15 Ostrobothnia,Employed,Total,79119
2023,MK15 Ostrobothnia,Employed,7-8 Master's or equivalent level or doctoral or equivalent level,12256
2023,MK15 Ostrobothnia,Unemployed,Total,5584
2023,MK15 Ostrobothnia,Unemployed,7-8 Master's or equivalent level or doctoral or equivalent level,293
2023,MK10 South Savo,Total,Total,129914
2023,MK10 South Savo,Total,7-8 Master's or equivalent level or doctoral or equivalent level,8170
2023,MK10 South Savo,Employed,Total,48895
2023,MK10 South Savo,Employed,7-8 Master's or equivalent level or doctoral or equivalent level,5498
2023,MK10 South Savo,Unemployed,Total,6631
2023,MK10 South Savo,Unemployed,7-8 Master's or equivalent level or doctoral or equivalent level,219
2023,MK11 North Savo,Total,Total,248190
2023,MK11 North Savo,Total,7-8 Master's or equivalent level or doctoral or equivalent level,19457
2023,MK11 North Savo,Employed,Total,100338
2023,MK11 North Savo,Employed,7-8 Master's or equivalent level or doctoral or equivalent level,14468
2023,MK11 North Savo,Unemployed,Total,13133
2023,MK11 North Savo,Unemployed,7-8 Master's or equivalent level or doctoral or equivalent level,476
2023,MK12 North Karelia,Total,Total,162321
2023,MK12 North Karelia,Total,7-8 Master's or equivalent level or doctoral or equivalent level,12244
2023,MK12 North Karelia,Employed,Total,61359
2023,MK12 North Karelia,Employed,7-8 Master's or equivalent level or doctoral or equivalent level,8649
2023,MK12 North Karelia,Unemployed,Total,10613
2023,MK12 North Karelia,Unemployed,7-8 Master's or equivalent level or doctoral or equivalent level,582
2023,MK16 Central Ostrobothnia,Total,Total,67736
2023,MK16 Central Ostrobothnia,Total,7-8 Master's or equivalent level or doctoral or equivalent level,3982
2023,MK16 Central Ostrobothnia,Employed,Total,27762
2023,MK16 Central Ostrobothnia,Employed,7-8 Master's or equivalent level or doctoral or equivalent level,3122
2023,MK16 Central Ostrobothnia,Unemployed,Total,2880
2023,MK16 Central Ostrobothnia,Unemployed,7-8 Master's or equivalent level or doctoral or equivalent level,71
2023,MK17 North Ostrobothnia,Total,Total,418205
2023,MK17 North Ostrobothnia,Total,7-8 Master's or equivalent level or doctoral or equivalent level,37671
2023,MK17 North Ostrobothnia,Employed,Total,170733
2023,MK17 North Ostrobothnia,Employed,7-8 Master's or equivalent level or doctoral or equivalent level,28872
2023,MK17 North Ostrobothnia,Unemployed,Total,24063
2023,MK17 North Ostrobothnia,Unemployed,7-8 Master's or equivalent level or doctoral or equivalent level,1469
2023,MK18 Kainuu,Total,Total,70164
2023,MK18 Kainuu,Total,7-8 Master's or equivalent level or doctoral or equivalent level,4110
2023,MK18 Kainuu,Employed,Total,26914
2023,MK18 Kainuu,Employed,7-8 Master's or equivalent level or doctoral or equivalent level,3001
2023,MK18 Kainuu,Unemployed,Total,3264
2023,MK18 Kainuu,Unemployed,7-8 Master's or equivalent level or doctoral or equivalent level,87
2023,MK19 Lapland,Total,Total,176150
2023,MK19 Lapland,Total,7-8 Master's or equivalent level or doctoral or equivalent level,12111
2023,MK19 Lapland,Employed,Total,73312
2023,MK19 Lapland,Employed,7-8 Master's or equivalent level or doctoral or equivalent level,9024
2023,MK19 Lapland,Unemployed,Total,8031
2023,MK19 Lapland,Unemployed,7-8 Master's or equivalent level or doctoral or equivalent level,341
2023,MK21 Åland,Total,Total,30541
2023,MK21 Åland,Total,7-8 Master's or equivalent level or doctoral or equivalent level,2320
2023,MK21 Åland,Employed,Total,14423
2023,MK21 Åland,Employed,7-8 Master's or equivalent level or doctoral or equivalent level,1776
2023,MK21 Åland,Unemployed,Total,662
2023,MK21 Åland,Unemployed,7-8 Master's or equivalent level or doctoral or equivalent level,33
